주문시간,실제도착시간,예상도착시간,앱종류,거리,결제종류,user
2023-07-26 08:05:49,2023-07-26 09:14:06,2023-07-26 08:39:42,여기여,1.93,카드,user_275
2022-11-07 10:21:54,2022-11-07 10:44:04,2022-11-07 10:50:15,배고팡,5.19,카드,user_360
2023-04-18 05:00:57,2023-04-18 06:12:46,2023-04-18 05:32:53,배고팡,13.85,카드,user_36
2023-08-18 10:46:28,2023-08-18 11:16:25,2023-08-18 11:08:33,배고팡,10.9,앱결제,user_65
2023-08-11 09:58:27,2023-08-11 11:27:57,2023-08-11 10:51:57,여기여,14.96,카드,user_176
2022-11-27 15:13:52,2022-11-27 16:47:32,2022-11-27 16:41:28,배달왕,14.85,앱결제,user_204
2022-09-25 16:27:43,2022-09-25 17:52:23,2022-09-25 18:13:21,배달왕,9.72,현금,user_343
2023-01-19 11:32:02,2023-01-19 13:10:13,2023-01-19 13:24:54,여기여,10.04,카드,user_337
2023-04-09 05:21:21,2023-04-09 06:47:46,2023-04-09 05:51:07,배달왕,1.51,카드,user_294
2023-03-02 00:12:37,2023-03-02 00:40:30,2023-03-02 00:55:37,배달왕,4.66,앱결제,user_208
2022-11-22 16:46:52,2022-11-22 17:10:32,2022-11-22 17:25:23,배고팡,4.25,현금,user_120
2022-11-16 15:11:09,2022-11-16 16:35:37,2022-11-16 16:19:57,배달왕,1.51,앱결제,user_6
2023-06-14 14:12:01,2023-06-14 15:00:52,2023-06-14 14:54:44,배달왕,10.32,카드,user_325
2023-01-18 00:06:39,2023-01-18 00:31:11,2023-01-18 00:49:24,여기여,18.56,앱결제,user_222
2023-08-17 17:24:04,2023-08-17 18:49:48,2023-08-17 19:05:29,여기여,12.84,카드,user_135
2022-12-23 01:48:35,2022-12-23 02:47:01,2022-12-23 02:52:36,배고팡,5.35,현금,user_497
2023-05-30 13:04:45,2023-05-30 14:46:54,2023-05-30 14:12:27,여기여,10.24,현금,user_41
2022-10-04 01:48:33,2022-10-04 02:54:07,2022-10-04 02:47:42,배고팡,8.99,카드,user_398
2023-02-03 11:08:34,2023-02-03 12:08:07,2023-02-03 11:44:14,여기여,18.21,현금,user_198
2023-01-12 01:47:08,2023-01-12 03:01:50,2023-01-12 02:09:30,배달왕,2.06,현금,user_379
2022-08-22 21:28:19,2022-08-22 22:39:09,2022-08-22 21:51:29,배고팡,16.27,카드,user_447
2022-11-30 16:35:08,2022-11-30 17:34:40,2022-11-30 17:08:42,배고팡,16.99,카드,user_116
2022-11-03 10:05:17,2022-11-03 11:25:32,2022-11-03 10:52:13,배달왕,4.25,카드,user_204
2023-07-30 16:05:12,2023-07-30 17:25:24,2023-07-30 16:27:24,배달왕,3.58,현금,user_119
2023-07-09 19:20:05,2023-07-09 20:19:40,2023-07-09 20:48:13,배고팡,10.52,앱결제,user_403
2022-12-17 15:46:25,2022-12-17 16:05:41,2022-12-17 16:29:18,배고팡,16.87,카드,user_175
2023-01-31 07:53:32,2023-01-31 08:26:11,2023-01-31 08:53:32,배고팡,18.85,현금,user_497
2022-12-11 10:44:37,2022-12-11 11:16:21,2022-12-11 11:08:00,배달왕,14.98,카드,user_491
2022-09-13 13:20:22,2022-09-13 14:04:11,2022-09-13 14:08:43,여기여,10.56,앱결제,user_196
2023-07-21 13:24:32,2023-07-21 14:14:25,2023-07-21 14:43:43,배고팡,9.53,카드,user_189
2023-07-17 09:07:58,2023-07-17 09:57:30,2023-07-17 10:20:36,배달왕,14.48,앱결제,user_484
2023-02-08 01:37:24,2023-02-08 02:31:30,2023-02-08 02:57:00,배고팡,17.27,카드,user_125
2022-09-24 14:17:53,2022-09-24 15:30:29,2022-09-24 15:51:15,여기여,4.16,현금,user_234
2022-12-08 18:57:59,2022-12-08 19:49:20,2022-12-08 20:19:02,여기여,16.44,앱결제,user_11
2023-01-14 21:31:46,2023-01-14 22:04:16,2023-01-14 22:25:48,배달왕,19.38,현금,user_73
2023-03-08 11:57:14,2023-03-08 13:30:09,2023-03-08 12:21:43,배고팡,17.95,현금,user_397
2023-03-27 22:37:57,2023-03-27 22:55:17,2023-03-27 23:21:21,여기여,0.92,현금,user_455
2023-07-20 08:18:10,2023-07-20 09:27:32,2023-07-20 09:32:12,배고팡,17.83,앱결제,user_255
2022-09-11 05:12:02,2022-09-11 06:02:35,2022-09-11 05:42:50,배고팡,17.1,현금,user_430
2023-05-14 09:31:55,2023-05-14 10:47:09,2023-05-14 10:28:28,여기여,6.34,앱결제,user_227
2022-10-12 17:35:17,2022-10-12 18:15:50,2022-10-12 17:59:57,배달왕,1.68,카드,user_409
2023-01-04 03:03:36,2023-01-04 04:15:24,2023-01-04 04:19:09,배달왕,3.79,앱결제,user_253
2023-06-14 06:59:13,2023-06-14 07:45:15,2023-06-14 07:35:11,여기여,8.51,앱결제,user_207
2023-08-08 00:26:41,2023-08-08 01:24:16,2023-08-08 00:49:43,여기여,2.82,현금,user_455
2023-01-10 22:18:59,2023-01-10 22:58:18,2023-01-10 22:46:17,배고팡,1.23,현금,user_421
2023-03-08 06:32:01,2023-03-08 07:34:51,2023-03-08 07:11:30,여기여,10.53,카드,user_114
2022-12-03 21:58:27,2022-12-03 23:05:02,2022-12-03 22:42:51,여기여,17.59,카드,user_445
2023-07-31 09:08:30,2023-07-31 10:58:16,2023-07-31 11:24:36,여기여,3.17,앱결제,user_236
2023-02-22 17:39:01,2023-02-22 18:51:34,2023-02-22 18:44:19,배달왕,9.38,앱결제,user_200
2023-07-28 03:32:53,2023-07-28 04:01:30,2023-07-28 04:13:40,여기여,2.02,현금,user_106
2023-02-06 05:26:08,2023-02-06 06:42:16,2023-02-06 05:46:18,여기여,7.22,카드,user_17
2023-07-02 04:14:29,2023-07-02 05:26:28,2023-07-02 05:00:11,배달왕,3.86,앱결제,user_29
2023-06-05 03:29:44,2023-06-05 03:56:52,2023-06-05 03:52:06,배달왕,7.97,앱결제,user_419
2023-04-21 07:50:27,2023-04-21 08:50:09,2023-04-21 08:28:32,배고팡,15.5,앱결제,user_150
2023-03-07 21:25:22,2023-03-07 22:11:14,2023-03-07 21:48:25,배고팡,6.84,앱결제,user_57
2023-04-16 09:15:08,2023-04-16 10:42:58,2023-04-16 09:35:58,배고팡,12.55,현금,user_441
2022-11-16 08:58:26,2022-11-16 10:25:49,2022-11-16 10:06:06,여기여,1.64,카드,user_449
2023-08-04 19:18:22,2023-08-04 20:15:06,2023-08-04 19:39:13,배달왕,13.33,현금,user_389
2023-08-20 20:18:05,2023-08-20 21:22:51,2023-08-20 21:01:44,배달왕,7.49,카드,user_441
2023-06-29 23:38:47,2023-06-30 01:02:59,2023-06-30 00:50:27,배고팡,3.48,앱결제,user_99
2023-05-08 23:22:27,2023-05-09 00:39:45,2023-05-09 01:06:23,배고팡,19.77,현금,user_84
2023-02-04 00:16:46,2023-02-04 00:36:34,2023-02-04 01:06:43,배고팡,5.7,현금,user_83
2023-05-15 11:11:06,2023-05-15 11:44:51,2023-05-15 12:09:12,배달왕,3.36,앱결제,user_458
2023-07-15 11:03:58,2023-07-15 11:52:21,2023-07-15 11:32:14,배달왕,17.03,앱결제,user_318
2023-04-10 16:50:35,2023-04-10 17:22:17,2023-04-10 17:44:42,배달왕,15.43,카드,user_410
2022-09-29 21:19:28,2022-09-29 22:05:28,2022-09-29 21:45:21,여기여,6.42,현금,user_52
2023-01-08 12:52:59,2023-01-08 13:54:42,2023-01-08 13:36:51,여기여,11.12,카드,user_1
2023-01-21 06:15:58,2023-01-21 06:32:49,2023-01-21 06:49:06,여기여,1.63,앱결제,user_275
2023-04-07 13:10:49,2023-04-07 14:16:41,2023-04-07 14:09:53,여기여,4.48,앱결제,user_406
2022-11-03 12:17:36,2022-11-03 12:40:16,2022-11-03 12:50:32,배달왕,9.65,카드,user_306
2022-11-14 21:21:01,2022-11-14 23:02:10,2022-11-14 22:20:19,여기여,17.18,카드,user_109
2022-12-10 01:27:04,2022-12-10 02:02:14,2022-12-10 02:29:07,배고팡,5.42,앱결제,user_460
2023-07-20 14:37:12,2023-07-20 15:44:48,2023-07-20 15:52:57,배고팡,1.06,카드,user_39
2023-05-03 02:28:02,2023-05-03 03:53:01,2023-05-03 03:27:46,여기여,16.51,앱결제,user_346
2023-08-03 04:54:41,2023-08-03 06:17:47,2023-08-03 06:45:44,배달왕,7.85,현금,user_453
2022-12-23 19:24:21,2022-12-23 21:04:32,2022-12-23 21:07:03,배달왕,6.52,카드,user_337
2022-09-07 03:05:02,2022-09-07 03:48:11,2022-09-07 04:07:53,배고팡,1.1,앱결제,user_401
2022-08-25 21:37:19,2022-08-25 22:39:51,2022-08-25 22:51:04,배달왕,7.12,카드,user_211
2023-05-19 17:33:54,2023-05-19 19:14:53,2023-05-19 19:03:59,여기여,15.36,현금,user_310
2022-08-23 04:33:48,2022-08-23 06:06:30,2022-08-23 06:09:54,배달왕,8.13,현금,user_127
2022-10-05 17:30:01,2022-10-05 18:33:19,2022-10-05 18:49:24,배고팡,11.48,현금,user_146
2022-11-19 18:37:41,2022-11-19 19:36:53,2022-11-19 19:18:43,배달왕,9.01,앱결제,user_300
2023-07-03 15:51:23,2023-07-03 17:01:05,2023-07-03 16:34:20,여기여,13.25,현금,user_317
2023-07-15 07:36:24,2023-07-15 08:09:56,2023-07-15 08:40:09,여기여,10.53,카드,user_478
2022-11-25 07:56:40,2022-11-25 09:20:11,2022-11-25 08:59:00,배고팡,7.65,현금,user_433
2023-01-20 20:17:21,2023-01-20 21:59:51,2023-01-20 20:59:36,여기여,9.72,현금,user_365
2023-07-25 22:33:45,2023-07-25 23:08:08,2023-07-25 22:55:53,여기여,14.47,현금,user_86
2022-09-05 21:25:47,2022-09-05 22:04:36,2022-09-05 22:21:43,여기여,4.21,현금,user_488
2022-09-21 05:49:31,2022-09-21 07:10:13,2022-09-21 06:10:01,여기여,2.0,카드,user_180
2022-09-09 16:40:28,2022-09-09 17:24:32,2022-09-09 17:28:15,배달왕,14.93,카드,user_164
2023-07-28 20:27:55,2023-07-28 21:37:39,2023-07-28 20:59:15,배달왕,9.4,카드,user_8
2023-06-25 01:45:22,2023-06-25 02:47:42,2023-06-25 02:36:06,배고팡,9.76,현금,user_345
2022-11-07 15:46:49,2022-11-07 17:18:33,2022-11-07 16:50:31,여기여,2.09,앱결제,user_95
2023-06-18 20:28:12,2023-06-18 22:11:05,2023-06-18 21:48:39,배고팡,3.73,앱결제,user_179
2022-09-23 04:17:59,2022-09-23 05:19:33,2022-09-23 05:17:42,여기여,15.9,카드,user_106
2023-07-28 03:35:08,2023-07-28 04:57:08,2023-07-28 05:11:39,배고팡,19.06,카드,user_205
2022-08-26 15:04:51,2022-08-26 15:45:02,2022-08-26 15:47:05,배달왕,9.2,현금,user_213
2022-12-14 03:25:04,2022-12-14 04:26:36,2022-12-14 04:33:10,여기여,1.08,카드,user_46
2022-09-01 03:23:11,2022-09-01 04:03:16,2022-09-01 03:47:38,배고팡,4.28,현금,user_472
2023-01-04 23:27:28,2023-01-05 01:14:30,2023-01-05 00:40:31,여기여,10.43,카드,user_485
2022-12-05 12:24:53,2022-12-05 14:14:14,2022-12-05 13:32:15,여기여,16.22,카드,user_311
2023-05-19 03:01:28,2023-05-19 04:08:00,2023-05-19 04:02:30,여기여,16.09,카드,user_162
2022-08-27 09:09:20,2022-08-27 10:42:50,2022-08-27 10:15:34,배고팡,2.72,앱결제,user_316
2022-12-23 04:13:21,2022-12-23 05:00:05,2022-12-23 05:03:56,여기여,11.96,카드,user_467
2023-05-30 06:29:30,2023-05-30 07:28:00,2023-05-30 07:46:59,배달왕,19.21,카드,user_369
2023-03-24 02:41:25,2023-03-24 03:56:31,2023-03-24 04:20:19,배달왕,9.27,카드,user_290
2022-11-06 19:33:08,2022-11-06 20:18:57,2022-11-06 19:56:18,배고팡,11.69,카드,user_405
2022-12-04 14:43:39,2022-12-04 15:34:17,2022-12-04 15:19:28,배달왕,19.07,앱결제,user_466
2022-11-28 07:58:44,2022-11-28 09:08:35,2022-11-28 08:29:21,배달왕,5.21,현금,user_33
2023-02-14 14:44:40,2023-02-14 15:17:50,2023-02-14 15:27:24,배고팡,2.78,앱결제,user_72
2023-03-19 13:09:10,2023-03-19 14:23:27,2023-03-19 14:47:24,배고팡,15.45,앱결제,user_152
2023-05-16 18:38:03,2023-05-16 19:34:02,2023-05-16 19:22:42,배달왕,10.71,앱결제,user_93
2023-06-01 10:39:42,2023-06-01 11:16:02,2023-06-01 11:01:48,여기여,3.35,앱결제,user_178
2023-05-03 02:11:58,2023-05-03 03:27:25,2023-05-03 02:54:04,배고팡,5.7,현금,user_26
2022-10-15 21:15:41,2022-10-15 21:45:07,2022-10-15 21:44:56,배고팡,9.91,카드,user_88
2023-01-03 04:37:23,2023-01-03 05:44:24,2023-01-03 05:59:42,배달왕,12.61,카드,user_372
2022-10-18 05:58:36,2022-10-18 06:32:48,2022-10-18 06:32:55,배고팡,17.26,현금,user_405
2023-01-08 16:09:43,2023-01-08 17:41:27,2023-01-08 18:10:55,여기여,1.08,현금,user_87
2023-04-25 15:57:47,2023-04-25 16:28:53,2023-04-25 16:37:27,여기여,4.28,현금,user_9
2022-12-09 23:49:40,2022-12-10 01:31:05,2022-12-10 00:39:15,배고팡,1.58,앱결제,user_406
2022-10-08 13:58:45,2022-10-08 14:24:35,2022-10-08 14:36:01,배고팡,0.98,카드,user_137
2023-04-23 04:39:13,2023-04-23 05:19:13,2023-04-23 05:41:58,여기여,11.23,카드,user_263
2023-03-20 15:04:11,2023-03-20 16:19:31,2023-03-20 16:28:15,배달왕,4.03,현금,user_159
2023-07-03 14:40:01,2023-07-03 15:14:17,2023-07-03 15:21:09,배달왕,7.98,현금,user_375
2022-12-25 09:07:44,2022-12-25 10:27:14,2022-12-25 10:12:07,여기여,2.87,앱결제,user_499
2023-02-19 22:16:17,2023-02-19 23:45:50,2023-02-19 22:47:23,여기여,10.87,현금,user_366
2023-02-25 11:53:28,2023-02-25 13:06:52,2023-02-25 12:32:39,여기여,13.28,앱결제,user_333
2022-09-10 10:13:46,2022-09-10 11:27:34,2022-09-10 10:52:38,배고팡,10.95,현금,user_125
2023-01-14 11:24:10,2023-01-14 12:13:46,2023-01-14 12:08:03,배달왕,15.2,현금,user_360
2023-01-12 21:41:00,2023-01-12 23:27:58,2023-01-12 22:30:30,여기여,17.6,현금,user_307
2023-04-26 04:38:22,2023-04-26 05:51:13,2023-04-26 06:16:42,배고팡,1.31,앱결제,user_335
2022-12-26 10:29:42,2022-12-26 10:51:57,2022-12-26 10:50:58,여기여,6.77,카드,user_94
2022-12-13 05:42:49,2022-12-13 07:22:47,2022-12-13 06:23:04,배고팡,5.75,앱결제,user_89
2022-09-26 08:50:25,2022-09-26 10:16:55,2022-09-26 09:17:49,배고팡,19.6,카드,user_133
2022-08-31 21:20:50,2022-08-31 21:53:54,2022-08-31 21:55:37,배달왕,0.63,현금,user_155
2023-07-05 11:10:26,2023-07-05 12:02:15,2023-07-05 12:00:00,배고팡,18.28,카드,user_318
2023-08-01 01:15:09,2023-08-01 02:30:58,2023-08-01 02:29:23,여기여,15.07,현금,user_254
2023-08-01 19:53:39,2023-08-01 20:57:33,2023-08-01 20:29:51,여기여,9.11,앱결제,user_353
2023-07-19 02:32:34,2023-07-19 03:53:04,2023-07-19 04:01:14,배달왕,4.66,카드,user_327
2023-05-15 10:51:25,2023-05-15 12:28:06,2023-05-15 11:36:58,배고팡,18.8,앱결제,user_424
2023-05-15 01:42:43,2023-05-15 03:05:39,2023-05-15 02:27:23,배달왕,8.38,카드,user_441
2022-12-24 09:08:34,2022-12-24 10:14:54,2022-12-24 09:44:49,여기여,4.45,앱결제,user_487
2023-02-12 20:14:23,2023-02-12 20:44:02,2023-02-12 21:03:17,여기여,12.36,현금,user_385
2023-08-11 11:39:48,2023-08-11 13:07:50,2023-08-11 13:22:27,배달왕,0.93,현금,user_397
2023-03-01 20:06:10,2023-03-01 21:43:22,2023-03-01 22:11:59,배달왕,11.31,현금,user_211
2023-04-18 14:37:40,2023-04-18 15:32:52,2023-04-18 15:39:58,배달왕,14.95,현금,user_360
2022-09-09 08:58:40,2022-09-09 10:17:03,2022-09-09 10:24:17,배달왕,5.78,앱결제,user_235
2022-12-10 16:04:41,2022-12-10 16:37:50,2022-12-10 17:05:08,배고팡,17.46,앱결제,user_342
2023-02-18 12:43:31,2023-02-18 14:21:44,2023-02-18 13:29:52,여기여,14.26,앱결제,user_334
2023-04-27 05:55:39,2023-04-27 06:27:55,2023-04-27 06:31:06,여기여,11.18,현금,user_264
2023-02-07 12:47:12,2023-02-07 13:03:16,2023-02-07 13:30:52,배고팡,14.92,현금,user_311
2023-04-27 21:10:15,2023-04-27 21:33:10,2023-04-27 22:01:36,배달왕,2.48,앱결제,user_345
2023-02-02 12:35:58,2023-02-02 13:00:32,2023-02-02 13:15:39,배달왕,14.56,현금,user_93
2022-10-31 13:11:20,2022-10-31 13:55:42,2022-10-31 14:06:06,배고팡,19.51,현금,user_349
2023-08-02 05:48:27,2023-08-02 07:25:48,2023-08-02 07:47:56,배고팡,3.3,앱결제,user_10
2022-12-10 00:39:59,2022-12-10 02:24:02,2022-12-10 01:51:03,여기여,19.44,현금,user_488
2023-07-04 04:21:41,2023-07-04 05:02:37,2023-07-04 04:57:56,여기여,6.03,앱결제,user_227
2023-08-10 01:04:32,2023-08-10 01:48:02,2023-08-10 01:46:07,여기여,15.05,현금,user_85
2022-12-10 23:30:37,2022-12-11 01:12:16,2022-12-11 00:20:44,배달왕,9.5,앱결제,user_237
2023-07-20 21:47:22,2023-07-20 23:28:18,2023-07-20 22:16:31,배달왕,16.02,현금,user_274
2023-04-25 17:08:15,2023-04-25 17:52:30,2023-04-25 17:38:20,배달왕,11.75,현금,user_157
2023-07-04 07:15:00,2023-07-04 08:58:16,2023-07-04 08:22:58,배달왕,6.89,앱결제,user_123
2022-12-01 09:00:51,2022-12-01 09:25:35,2022-12-01 09:37:56,배고팡,15.5,현금,user_267
2022-09-22 16:25:15,2022-09-22 17:29:09,2022-09-22 17:28:13,배달왕,1.78,현금,user_108
2022-11-10 13:31:02,2022-11-10 13:56:52,2022-11-10 13:54:55,여기여,2.25,앱결제,user_461
2022-12-22 12:12:33,2022-12-22 13:58:06,2022-12-22 14:04:20,여기여,5.57,현금,user_372
2022-09-16 06:22:46,2022-09-16 06:57:54,2022-09-16 07:27:40,배고팡,3.44,앱결제,user_319
2022-10-29 20:44:19,2022-10-29 21:33:23,2022-10-29 22:04:14,배달왕,19.7,앱결제,user_444
2023-07-06 08:54:32,2023-07-06 09:19:48,2023-07-06 09:41:14,배고팡,2.45,현금,user_238
2023-03-01 03:08:29,2023-03-01 04:49:37,2023-03-01 05:09:08,배고팡,3.33,현금,user_316
2023-03-16 17:47:35,2023-03-16 18:45:31,2023-03-16 19:11:15,배고팡,18.98,현금,user_482
2023-03-27 05:12:49,2023-03-27 05:57:39,2023-03-27 06:14:18,배달왕,19.26,앱결제,user_48
2022-12-23 07:28:25,2022-12-23 08:15:09,2022-12-23 08:12:44,배달왕,7.25,현금,user_389
2022-11-21 22:17:42,2022-11-21 23:44:19,2022-11-21 23:48:28,여기여,11.31,현금,user_271
2023-06-27 14:43:08,2023-06-27 15:16:38,2023-06-27 15:30:16,배고팡,6.92,카드,user_371
2023-06-20 08:08:51,2023-06-20 08:55:56,2023-06-20 08:35:30,배고팡,9.0,카드,user_173
2023-06-12 10:59:43,2023-06-12 12:11:01,2023-06-12 11:29:58,배고팡,3.15,현금,user_28
2022-11-26 12:23:27,2022-11-26 13:59:29,2022-11-26 13:17:22,여기여,2.97,카드,user_237
2022-09-12 17:13:29,2022-09-12 17:38:42,2022-09-12 17:47:24,배고팡,13.78,앱결제,user_263
2022-09-05 09:08:20,2022-09-05 09:47:38,2022-09-05 09:33:45,배달왕,13.18,앱결제,user_215
2023-01-04 05:00:18,2023-01-04 06:20:57,2023-01-04 05:21:12,배고팡,16.71,앱결제,user_225
2023-01-10 05:52:18,2023-01-10 06:47:37,2023-01-10 06:20:04,여기여,15.46,카드,user_116
2023-08-21 01:23:18,2023-08-21 01:58:14,2023-08-21 02:11:15,배고팡,14.35,현금,user_426
2022-10-31 02:12:48,2022-10-31 03:27:41,2022-10-31 02:53:49,배고팡,0.56,앱결제,user_63
2023-06-08 05:50:35,2023-06-08 07:17:33,2023-06-08 07:19:28,배고팡,15.21,앱결제,user_31
2023-07-06 07:29:30,2023-07-06 09:11:22,2023-07-06 09:28:23,배고팡,18.71,현금,user_184
2023-05-20 22:26:55,2023-05-20 23:45:01,2023-05-20 22:50:49,배고팡,11.02,현금,user_132
2023-05-05 20:24:38,2023-05-05 22:00:59,2023-05-05 22:20:10,배고팡,2.88,앱결제,user_275
2023-05-20 05:12:57,2023-05-20 06:06:47,2023-05-20 05:55:28,여기여,1.18,카드,user_435
2023-06-11 10:39:31,2023-06-11 12:04:00,2023-06-11 12:31:49,여기여,17.72,앱결제,user_394
2023-04-28 18:30:44,2023-04-28 19:28:40,2023-04-28 19:00:40,여기여,8.13,카드,user_344
2023-08-10 06:19:31,2023-08-10 07:59:57,2023-08-10 06:44:19,배고팡,9.58,현금,user_419
2022-12-20 14:14:13,2022-12-20 15:18:20,2022-12-20 15:46:48,배고팡,7.99,카드,user_178
2023-06-29 20:12:12,2023-06-29 20:33:26,2023-06-29 20:44:23,배달왕,7.59,카드,user_147
2022-09-18 23:43:11,2022-09-19 01:13:17,2022-09-19 00:03:30,배고팡,12.75,카드,user_223
2022-09-15 02:00:20,2022-09-15 03:41:45,2022-09-15 03:13:12,배고팡,7.34,현금,user_438
2023-02-24 18:19:29,2023-02-24 19:38:53,2023-02-24 18:59:16,여기여,18.47,앱결제,user_470
2023-01-12 21:05:23,2023-01-12 21:48:20,2023-01-12 22:11:26,배고팡,17.46,앱결제,user_465
2023-01-25 05:38:41,2023-01-25 06:06:55,2023-01-25 06:18:23,배달왕,14.74,현금,user_385
2023-04-07 18:10:19,2023-04-07 19:34:29,2023-04-07 19:36:49,배고팡,15.81,앱결제,user_155
2023-03-27 09:24:01,2023-03-27 11:03:05,2023-03-27 10:53:04,배달왕,19.32,현금,user_44
2023-04-11 02:34:13,2023-04-11 02:55:47,2023-04-11 03:23:46,여기여,10.89,앱결제,user_146
2023-04-08 10:34:26,2023-04-08 11:25:05,2023-04-08 11:06:01,여기여,13.73,앱결제,user_479
2022-10-30 14:26:15,2022-10-30 14:44:25,2022-10-30 14:54:41,배고팡,17.48,카드,user_27
2023-03-01 09:33:45,2023-03-01 09:53:57,2023-03-01 10:08:53,배고팡,15.72,카드,user_356
2023-02-20 11:20:55,2023-02-20 12:47:18,2023-02-20 12:57:41,여기여,8.62,앱결제,user_328
2022-09-11 20:57:37,2022-09-11 21:36:34,2022-09-11 21:37:53,여기여,13.63,현금,user_360
2023-03-03 21:46:42,2023-03-03 22:34:12,2023-03-03 22:25:27,배고팡,6.03,현금,user_451
2022-11-02 07:55:58,2022-11-02 08:53:41,2022-11-02 09:19:46,배고팡,1.74,카드,user_442
2023-01-16 22:22:48,2023-01-16 23:42:19,2023-01-16 22:50:25,배고팡,6.49,현금,user_52
2023-02-08 17:08:34,2023-02-08 18:02:32,2023-02-08 18:31:38,배달왕,6.29,카드,user_61
2023-06-19 05:31:22,2023-06-19 06:06:05,2023-06-19 06:31:45,배고팡,2.47,앱결제,user_323
2022-09-15 06:22:04,2022-09-15 07:33:11,2022-09-15 07:37:07,배고팡,7.48,카드,user_491
2022-08-28 05:32:58,2022-08-28 06:19:01,2022-08-28 06:06:31,여기여,6.42,앱결제,user_24
2022-09-25 22:00:35,2022-09-25 22:37:24,2022-09-25 22:27:50,배달왕,7.93,앱결제,user_276
2023-04-23 15:51:24,2023-04-23 16:51:35,2023-04-23 16:52:27,여기여,13.28,카드,user_475
2023-04-22 16:07:52,2023-04-22 16:58:31,2023-04-22 17:22:56,배고팡,14.68,현금,user_35
2023-08-12 17:46:39,2023-08-12 18:14:01,2023-08-12 18:16:22,배고팡,11.03,카드,user_420
2022-11-26 13:29:03,2022-11-26 13:51:17,2022-11-26 13:53:43,여기여,10.49,앱결제,user_441
2023-02-03 06:13:33,2023-02-03 06:40:29,2023-02-03 06:52:11,여기여,12.67,카드,user_240
2022-11-18 14:30:19,2022-11-18 14:57:27,2022-11-18 15:16:50,배고팡,18.41,앱결제,user_57
2022-10-19 13:22:32,2022-10-19 14:03:56,2022-10-19 14:02:54,여기여,7.74,카드,user_53
2022-09-28 01:48:49,2022-09-28 02:53:36,2022-09-28 02:19:18,배고팡,19.28,카드,user_276
2023-02-12 10:46:31,2023-02-12 12:15:30,2023-02-12 11:16:06,배달왕,4.09,앱결제,user_95
2023-01-21 13:47:46,2023-01-21 14:52:32,2023-01-21 15:05:19,배달왕,6.61,카드,user_392
2023-02-12 16:30:56,2023-02-12 17:15:32,2023-02-12 17:21:17,배고팡,11.68,카드,user_42
2023-04-02 10:15:12,2023-04-02 10:41:11,2023-04-02 10:48:57,배고팡,1.46,카드,user_295
2022-08-27 13:46:02,2022-08-27 15:03:50,2022-08-27 14:29:30,배달왕,19.21,앱결제,user_2
2023-01-02 01:19:05,2023-01-02 02:25:38,2023-01-02 01:56:25,여기여,4.8,카드,user_326
2023-06-14 21:54:06,2023-06-14 22:30:04,2023-06-14 22:50:10,배달왕,12.94,카드,user_265
2023-05-15 19:39:24,2023-05-15 20:58:43,2023-05-15 20:26:58,여기여,11.36,카드,user_434
2023-04-11 04:48:49,2023-04-11 05:53:06,2023-04-11 06:23:41,배고팡,2.02,앱결제,user_50
2023-06-20 07:39:29,2023-06-20 08:02:21,2023-06-20 08:13:37,배달왕,6.98,현금,user_477
2022-09-23 19:04:58,2022-09-23 20:01:25,2022-09-23 19:40:16,여기여,3.24,앱결제,user_474
2022-09-05 17:12:11,2022-09-05 18:11:53,2022-09-05 18:06:57,배달왕,3.06,카드,user_297
2023-03-01 13:39:29,2023-03-01 14:30:02,2023-03-01 14:03:30,배달왕,11.38,카드,user_26
2023-05-11 21:51:16,2023-05-11 23:00:26,2023-05-11 22:54:37,배달왕,9.91,앱결제,user_398
2023-06-11 05:39:21,2023-06-11 06:34:33,2023-06-11 06:51:49,배고팡,4.4,카드,user_419
2022-11-10 17:53:40,2022-11-10 19:16:38,2022-11-10 18:58:56,배달왕,13.75,현금,user_272
2023-04-20 01:47:49,2023-04-20 02:51:32,2023-04-20 02:10:00,배달왕,19.91,앱결제,user_77
2022-09-26 00:04:52,2022-09-26 00:37:05,2022-09-26 00:39:37,배달왕,13.94,앱결제,user_49
2023-04-25 17:56:32,2023-04-25 18:17:32,2023-04-25 18:24:42,배고팡,16.07,앱결제,user_202
2022-09-06 18:14:39,2022-09-06 18:56:10,2022-09-06 18:46:32,여기여,12.03,앱결제,user_244
2022-09-29 11:53:50,2022-09-29 12:40:35,2022-09-29 12:57:55,배고팡,1.43,현금,user_387
2023-02-07 13:23:21,2023-02-07 14:57:23,2023-02-07 13:51:05,여기여,12.87,현금,user_451
2022-12-05 08:36:34,2022-12-05 10:18:04,2022-12-05 09:30:36,배달왕,18.65,현금,user_307
2022-11-22 10:43:24,2022-11-22 12:32:25,2022-11-22 11:43:47,여기여,3.35,카드,user_134
2022-11-12 11:54:08,2022-11-12 12:13:34,2022-11-12 12:36:09,여기여,10.35,카드,user_5
2022-12-21 23:41:29,2022-12-22 01:19:01,2022-12-22 00:22:55,배고팡,12.73,카드,user_302
2022-09-19 11:45:39,2022-09-19 13:02:13,2022-09-19 12:52:29,배달왕,15.71,카드,user_367
2022-10-12 09:56:33,2022-10-12 10:54:07,2022-10-12 10:57:06,배달왕,12.1,현금,user_196
2023-05-13 18:10:38,2023-05-13 19:45:39,2023-05-13 20:04:49,배고팡,3.78,카드,user_417
2023-07-03 19:50:30,2023-07-03 21:36:47,2023-07-03 21:58:35,배달왕,16.3,카드,user_397
2022-11-01 03:16:39,2022-11-01 03:53:27,2022-11-01 04:10:56,배달왕,6.17,앱결제,user_244
2023-04-11 02:35:48,2023-04-11 03:36:57,2023-04-11 03:48:35,여기여,4.48,앱결제,user_380
2022-10-13 13:42:05,2022-10-13 15:05:44,2022-10-13 14:36:15,배고팡,18.07,앱결제,user_294
2023-05-09 08:30:05,2023-05-09 10:14:27,2023-05-09 10:29:06,여기여,12.57,카드,user_319
2023-03-08 15:40:07,2023-03-08 17:10:35,2023-03-08 17:16:20,배고팡,15.39,카드,user_474
2023-04-21 10:04:40,2023-04-21 10:58:18,2023-04-21 11:20:06,배고팡,7.5,앱결제,user_136
2022-09-15 05:06:23,2022-09-15 06:26:40,2022-09-15 06:02:01,배고팡,9.86,카드,user_116
2023-03-12 02:08:30,2023-03-12 03:53:36,2023-03-12 03:06:39,여기여,15.0,현금,user_206
2023-07-12 15:06:41,2023-07-12 16:55:28,2023-07-12 15:58:11,배달왕,13.97,앱결제,user_38
2023-05-16 18:18:22,2023-05-16 19:25:26,2023-05-16 19:48:34,배달왕,14.55,카드,user_249
2022-10-28 23:56:47,2022-10-29 01:16:01,2022-10-29 01:11:40,배고팡,15.55,카드,user_224
2022-12-20 02:47:25,2022-12-20 04:04:43,2022-12-20 03:35:33,배고팡,1.37,카드,user_329
2022-12-07 14:33:31,2022-12-07 15:28:28,2022-12-07 14:54:00,배고팡,1.48,현금,user_264
2023-03-27 15:51:36,2023-03-27 16:21:57,2023-03-27 16:35:40,배고팡,18.5,카드,user_19
2023-07-26 00:43:44,2023-07-26 01:14:03,2023-07-26 01:18:56,배고팡,6.31,앱결제,user_75
2022-10-14 16:03:45,2022-10-14 16:46:31,2022-10-14 16:53:25,여기여,8.28,카드,user_165
2023-06-26 03:59:23,2023-06-26 05:12:21,2023-06-26 04:41:27,여기여,8.89,앱결제,user_461
2023-08-04 23:21:47,2023-08-04 23:59:34,2023-08-04 23:42:04,여기여,12.18,앱결제,user_161
2023-07-16 09:31:53,2023-07-16 09:58:59,2023-07-16 10:05:35,배고팡,10.63,카드,user_389
2023-01-31 14:39:27,2023-01-31 15:21:17,2023-01-31 15:04:45,여기여,19.14,앱결제,user_313
2023-04-27 09:04:08,2023-04-27 10:42:03,2023-04-27 09:29:35,배달왕,3.49,현금,user_399
2023-01-16 04:27:18,2023-01-16 05:30:43,2023-01-16 05:30:55,여기여,17.66,카드,user_95
2022-12-29 08:24:48,2022-12-29 09:21:09,2022-12-29 08:52:13,배달왕,18.63,현금,user_450
2022-10-22 08:16:25,2022-10-22 09:38:23,2022-10-22 08:56:40,여기여,1.84,카드,user_447
2023-07-29 04:34:15,2023-07-29 05:11:45,2023-07-29 05:15:52,여기여,10.32,카드,user_175
2023-04-09 15:17:14,2023-04-09 16:31:09,2023-04-09 16:20:44,배고팡,1.24,현금,user_402
2023-06-29 08:39:53,2023-06-29 09:11:35,2023-06-29 09:36:48,여기여,6.12,현금,user_305
2023-04-23 01:37:48,2023-04-23 02:17:47,2023-04-23 02:12:02,배고팡,0.91,카드,user_39
2022-08-30 15:00:36,2022-08-30 16:26:10,2022-08-30 16:18:22,배고팡,16.31,카드,user_462
2023-06-11 21:46:16,2023-06-11 23:11:19,2023-06-11 23:37:37,배달왕,14.76,앱결제,user_166
2022-08-26 00:26:16,2022-08-26 02:02:33,2022-08-26 01:33:29,배달왕,11.25,앱결제,user_296
2023-04-01 19:44:09,2023-04-01 20:18:25,2023-04-01 20:11:16,배달왕,16.15,카드,user_360
2022-11-23 17:47:50,2022-11-23 18:44:00,2022-11-23 18:39:26,여기여,10.61,현금,user_461
2022-12-22 19:48:47,2022-12-22 20:06:24,2022-12-22 20:28:47,배고팡,8.54,현금,user_112
2022-10-28 13:29:22,2022-10-28 13:48:31,2022-10-28 14:03:26,배고팡,3.92,카드,user_68
2022-11-07 22:42:35,2022-11-07 23:40:01,2022-11-07 23:34:01,배고팡,6.79,앱결제,user_486
2023-04-18 08:40:59,2023-04-18 09:10:51,2023-04-18 09:01:19,배고팡,10.07,앱결제,user_32
2022-12-22 08:38:00,2022-12-22 10:27:04,2022-12-22 10:17:05,배고팡,10.44,앱결제,user_339
2022-09-15 12:47:10,2022-09-15 13:54:27,2022-09-15 13:31:09,배고팡,4.36,카드,user_31
2023-03-10 22:34:18,2023-03-10 22:52:09,2023-03-10 23:21:59,여기여,6.97,카드,user_425
2023-08-15 13:50:14,2023-08-15 14:43:22,2023-08-15 14:19:07,배달왕,16.25,카드,user_109
2022-10-22 04:51:13,2022-10-22 06:38:02,2022-10-22 06:27:46,배고팡,6.93,카드,user_373
2022-11-11 01:46:36,2022-11-11 02:46:21,2022-11-11 02:12:03,여기여,4.42,현금,user_251
2023-08-17 07:43:58,2023-08-17 08:49:44,2023-08-17 09:14:12,여기여,14.27,카드,user_228
2023-03-31 05:50:37,2023-03-31 06:39:28,2023-03-31 06:31:17,배달왕,13.47,현금,user_83
2022-10-15 08:14:48,2022-10-15 08:33:43,2022-10-15 08:58:17,여기여,8.11,현금,user_470
2023-05-09 15:56:06,2023-05-09 16:15:46,2023-05-09 16:40:25,배고팡,19.63,카드,user_221
2023-05-15 05:35:02,2023-05-15 07:12:10,2023-05-15 07:38:16,배달왕,9.77,현금,user_415
2023-06-02 00:32:56,2023-06-02 02:12:41,2023-06-02 01:09:09,여기여,17.13,앱결제,user_300
2023-03-06 07:15:39,2023-03-06 07:41:35,2023-03-06 08:08:20,배달왕,9.55,앱결제,user_18
2023-05-03 15:44:46,2023-05-03 17:33:53,2023-05-03 17:22:04,여기여,15.06,앱결제,user_136
2023-05-27 07:56:28,2023-05-27 09:05:58,2023-05-27 08:44:02,배고팡,3.44,앱결제,user_16
2022-12-18 22:23:49,2022-12-18 23:54:13,2022-12-18 22:57:40,여기여,9.17,카드,user_406
2022-08-26 16:54:50,2022-08-26 18:16:35,2022-08-26 17:15:47,배달왕,5.08,앱결제,user_455
2023-04-24 07:37:09,2023-04-24 08:08:41,2023-04-24 08:06:59,배달왕,16.67,현금,user_364
2023-03-24 11:04:07,2023-03-24 12:33:28,2023-03-24 12:22:13,여기여,3.04,카드,user_164
2023-05-28 04:37:07,2023-05-28 06:05:49,2023-05-28 05:34:06,배달왕,11.87,현금,user_106
2023-01-13 16:01:05,2023-01-13 17:13:13,2023-01-13 16:39:39,배달왕,17.7,카드,user_497
2023-07-18 14:01:28,2023-07-18 14:24:42,2023-07-18 14:28:53,여기여,11.9,현금,user_484
2023-04-08 02:15:32,2023-04-08 02:52:41,2023-04-08 03:21:09,배고팡,8.76,카드,user_68
2022-11-06 22:33:39,2022-11-07 00:13:05,2022-11-06 23:19:47,여기여,5.28,카드,user_344
2023-04-22 13:32:49,2023-04-22 14:27:26,2023-04-22 14:09:50,여기여,5.14,앱결제,user_105
2023-05-04 04:05:04,2023-05-04 04:27:32,2023-05-04 04:35:36,여기여,12.38,카드,user_112
2022-10-10 15:12:50,2022-10-10 16:37:16,2022-10-10 17:05:48,배고팡,16.34,앱결제,user_25
2023-08-06 02:23:22,2023-08-06 04:12:53,2023-08-06 03:00:32,배고팡,6.89,현금,user_430
2023-05-20 12:03:34,2023-05-20 12:59:46,2023-05-20 12:43:02,배달왕,5.64,카드,user_391
2023-02-11 23:38:55,2023-02-11 23:56:01,2023-02-12 00:15:27,배고팡,12.17,현금,user_482
2022-11-16 07:24:19,2022-11-16 08:19:28,2022-11-16 08:34:40,여기여,4.39,현금,user_109
2023-03-15 20:19:19,2023-03-15 21:17:09,2023-03-15 21:40:19,배고팡,18.8,앱결제,user_20
2022-11-03 01:53:41,2022-11-03 02:23:26,2022-11-03 02:38:14,배달왕,4.91,앱결제,user_297
2023-06-12 16:04:09,2023-06-12 17:03:07,2023-06-12 17:08:12,배달왕,12.48,앱결제,user_241
2023-04-29 18:53:18,2023-04-29 20:05:18,2023-04-29 20:11:48,배달왕,0.61,앱결제,user_33
2023-06-10 12:06:39,2023-06-10 13:35:30,2023-06-10 12:46:27,배고팡,6.25,카드,user_181
2023-07-06 16:59:54,2023-07-06 18:42:50,2023-07-06 18:12:11,배달왕,2.67,앱결제,user_311
2023-04-04 16:25:58,2023-04-04 17:05:07,2023-04-04 17:16:25,배고팡,7.45,현금,user_48
2023-08-01 09:26:55,2023-08-01 10:32:26,2023-08-01 10:35:54,배고팡,5.65,카드,user_387
2022-12-29 10:52:25,2022-12-29 11:29:58,2022-12-29 11:27:18,배고팡,13.96,앱결제,user_13
2023-07-21 01:20:12,2023-07-21 01:43:10,2023-07-21 02:05:42,배달왕,18.3,카드,user_442
2023-02-16 08:25:47,2023-02-16 09:49:21,2023-02-16 09:24:47,배고팡,10.27,앱결제,user_465
2023-06-06 19:10:08,2023-06-06 20:39:36,2023-06-06 20:41:59,여기여,4.05,앱결제,user_78
2023-03-19 17:25:41,2023-03-19 18:20:46,2023-03-19 17:47:26,여기여,6.58,현금,user_257
2022-10-21 23:23:28,2022-10-21 23:55:18,2022-10-22 00:18:17,배고팡,7.73,카드,user_473
2023-01-21 08:32:40,2023-01-21 09:55:37,2023-01-21 09:02:42,배고팡,18.33,카드,user_366
2023-05-13 15:03:32,2023-05-13 16:46:55,2023-05-13 15:26:49,여기여,19.55,카드,user_72
2023-07-05 13:21:06,2023-07-05 13:53:55,2023-07-05 14:09:55,배달왕,17.7,현금,user_225
2023-08-14 09:29:19,2023-08-14 10:48:56,2023-08-14 11:15:23,여기여,18.17,현금,user_373
2022-11-30 21:10:42,2022-11-30 22:46:48,2022-11-30 21:33:56,배달왕,6.2,앱결제,user_158
2023-01-28 07:13:25,2023-01-28 07:41:32,2023-01-28 08:01:45,여기여,0.66,카드,user_480
2023-05-13 14:41:44,2023-05-13 15:22:54,2023-05-13 15:33:54,여기여,14.06,현금,user_51
2023-02-07 00:49:57,2023-02-07 02:17:41,2023-02-07 01:39:48,여기여,18.0,현금,user_133
2023-08-02 03:08:40,2023-08-02 04:02:22,2023-08-02 03:55:54,배달왕,9.85,현금,user_154
2022-11-16 09:00:42,2022-11-16 09:37:41,2022-11-16 09:53:17,배고팡,13.65,카드,user_450
2023-04-28 19:13:17,2023-04-28 20:22:19,2023-04-28 20:32:51,배달왕,12.75,현금,user_286
2023-07-19 21:44:01,2023-07-19 23:14:22,2023-07-19 22:36:59,배달왕,1.16,현금,user_360
2023-08-11 02:07:42,2023-08-11 03:00:09,2023-08-11 03:12:47,여기여,6.85,현금,user_196
2023-05-20 19:01:56,2023-05-20 19:19:59,2023-05-20 19:37:03,배달왕,6.41,카드,user_9
2022-12-30 00:52:30,2022-12-30 02:05:22,2022-12-30 02:04:20,배달왕,3.28,앱결제,user_220
2022-09-18 06:45:05,2022-09-18 07:55:23,2022-09-18 07:24:37,배달왕,2.89,카드,user_370
2023-04-22 10:21:19,2023-04-22 10:55:44,2023-04-22 11:25:40,여기여,13.99,앱결제,user_37
2023-08-13 13:46:14,2023-08-13 15:14:52,2023-08-13 14:07:48,배고팡,8.41,앱결제,user_205
2023-08-09 13:55:10,2023-08-09 15:20:06,2023-08-09 15:04:13,배달왕,9.18,앱결제,user_365
2023-05-01 23:46:01,2023-05-02 00:16:25,2023-05-02 00:06:15,여기여,7.7,카드,user_206
2022-09-24 08:21:29,2022-09-24 10:09:28,2022-09-24 09:51:13,배고팡,2.04,앱결제,user_271
2023-01-29 22:57:26,2023-01-30 00:05:50,2023-01-30 00:17:08,배고팡,19.94,현금,user_308
2023-01-03 00:10:24,2023-01-03 00:49:06,2023-01-03 00:31:41,배달왕,6.36,앱결제,user_298
2023-04-12 22:17:37,2023-04-12 23:48:30,2023-04-12 22:40:39,배고팡,0.67,앱결제,user_61
2022-10-01 07:40:06,2022-10-01 08:37:28,2022-10-01 08:24:21,배달왕,12.32,카드,user_428
2023-07-05 15:52:52,2023-07-05 16:40:18,2023-07-05 17:02:28,여기여,14.99,카드,user_87
2023-04-16 05:02:56,2023-04-16 05:50:51,2023-04-16 06:18:38,배고팡,10.44,앱결제,user_209
2022-10-07 13:38:36,2022-10-07 15:20:05,2022-10-07 15:23:41,여기여,17.21,현금,user_296
2023-02-07 17:17:31,2023-02-07 17:40:54,2023-02-07 18:09:19,배고팡,19.91,앱결제,user_148
2022-12-26 10:09:08,2022-12-26 11:39:08,2022-12-26 11:31:04,배달왕,13.43,카드,user_411
2023-04-06 09:29:29,2023-04-06 09:50:31,2023-04-06 10:04:03,여기여,13.85,앱결제,user_385
2023-04-06 05:45:23,2023-04-06 06:54:05,2023-04-06 06:42:32,배고팡,1.33,앱결제,user_166
2023-03-17 16:23:57,2023-03-17 18:12:50,2023-03-17 17:02:47,여기여,1.96,카드,user_491
2023-01-22 09:47:29,2023-01-22 10:39:00,2023-01-22 11:06:35,여기여,4.5,현금,user_144
2022-09-10 04:08:50,2022-09-10 04:33:13,2022-09-10 04:46:11,여기여,4.79,앱결제,user_494
2023-07-31 12:26:20,2023-07-31 12:53:33,2023-07-31 12:58:58,여기여,14.65,카드,user_150
2023-06-08 06:58:05,2023-06-08 08:18:11,2023-06-08 07:35:16,배달왕,6.62,앱결제,user_339
2022-12-16 22:10:57,2022-12-16 23:57:42,2022-12-16 23:28:02,배고팡,14.58,카드,user_385
2023-03-27 01:44:38,2023-03-27 02:57:40,2023-03-27 03:16:09,여기여,19.77,카드,user_473
2023-04-12 08:46:37,2023-04-12 10:13:49,2023-04-12 10:06:56,여기여,6.2,앱결제,user_464
2022-12-28 06:38:42,2022-12-28 07:52:04,2022-12-28 07:18:41,배달왕,6.3,카드,user_142
2022-09-12 11:11:34,2022-09-12 12:07:00,2022-09-12 11:41:03,배달왕,19.9,앱결제,user_401
2022-09-26 09:21:04,2022-09-26 10:00:23,2022-09-26 09:43:22,배달왕,4.75,현금,user_478
2022-09-08 07:43:37,2022-09-08 09:14:57,2022-09-08 09:43:10,배고팡,6.84,앱결제,user_80
2022-11-26 07:11:44,2022-11-26 07:35:51,2022-11-26 07:56:31,배고팡,17.74,현금,user_108
2023-01-24 05:07:02,2023-01-24 06:17:13,2023-01-24 06:43:54,여기여,1.44,카드,user_449
2023-06-21 12:29:06,2023-06-21 13:35:47,2023-06-21 12:57:57,배달왕,0.93,카드,user_308
2022-12-29 09:16:47,2022-12-29 10:34:59,2022-12-29 10:37:44,배달왕,18.92,앱결제,user_278
2023-08-01 17:47:58,2023-08-01 19:14:42,2023-08-01 18:22:17,여기여,6.17,앱결제,user_414
2022-10-24 17:40:11,2022-10-24 18:25:29,2022-10-24 18:36:50,배고팡,0.66,카드,user_316
2022-10-29 14:02:36,2022-10-29 15:42:13,2022-10-29 14:57:20,배달왕,3.93,카드,user_2
2022-12-05 14:45:55,2022-12-05 15:38:08,2022-12-05 15:56:32,배달왕,9.24,앱결제,user_287
2023-08-15 14:59:31,2023-08-15 15:57:34,2023-08-15 15:44:09,여기여,13.46,앱결제,user_252
2023-08-15 01:21:20,2023-08-15 02:24:49,2023-08-15 02:52:11,배고팡,10.34,카드,user_113
2022-10-12 23:16:49,2022-10-13 00:00:13,2022-10-13 00:14:37,배달왕,1.37,현금,user_348
2023-07-06 06:09:32,2023-07-06 07:09:19,2023-07-06 07:19:19,여기여,15.94,현금,user_198
2022-09-19 18:21:17,2022-09-19 19:08:09,2022-09-19 18:53:03,배달왕,12.74,카드,user_381
2022-11-26 05:30:03,2022-11-26 06:32:59,2022-11-26 06:57:33,배달왕,14.02,앱결제,user_498
2022-08-23 22:38:48,2022-08-23 23:48:51,2022-08-23 23:00:19,배달왕,0.91,앱결제,user_468
2022-09-04 07:01:18,2022-09-04 07:31:31,2022-09-04 07:47:20,여기여,13.03,앱결제,user_105
2023-03-13 21:04:33,2023-03-13 21:27:03,2023-03-13 21:43:46,배달왕,18.27,카드,user_272
2023-02-09 03:35:49,2023-02-09 05:15:04,2023-02-09 04:43:43,배고팡,5.73,현금,user_289
2022-09-06 18:32:59,2022-09-06 18:49:47,2022-09-06 18:53:40,여기여,1.5,카드,user_110
2023-05-20 17:10:39,2023-05-20 17:36:01,2023-05-20 17:31:15,배달왕,3.56,앱결제,user_2
2023-06-06 09:01:50,2023-06-06 10:48:21,2023-06-06 09:53:53,여기여,16.61,현금,user_9
2023-01-05 10:40:04,2023-01-05 11:09:56,2023-01-05 11:26:04,배고팡,3.14,카드,user_418
2022-11-21 08:43:04,2022-11-21 09:13:16,2022-11-21 09:09:25,배고팡,8.85,카드,user_375
2022-10-24 06:41:44,2022-10-24 08:07:58,2022-10-24 07:28:57,배달왕,9.16,앱결제,user_471
2023-07-03 07:34:43,2023-07-03 08:16:17,2023-07-03 08:25:10,배고팡,11.25,앱결제,user_21
2022-10-19 16:12:34,2022-10-19 16:29:44,2022-10-19 16:47:31,배고팡,11.87,현금,user_8
2022-08-22 12:15:28,2022-08-22 13:55:32,2022-08-22 12:49:13,배달왕,17.03,카드,user_296
2022-11-20 05:08:24,2022-11-20 06:09:46,2022-11-20 05:30:42,배고팡,9.56,카드,user_135
2023-07-02 19:48:48,2023-07-02 21:15:55,2023-07-02 21:11:19,여기여,6.6,현금,user_363
2022-12-22 19:35:00,2022-12-22 20:01:21,2022-12-22 20:12:22,배달왕,4.77,카드,user_255
2023-05-06 05:56:20,2023-05-06 06:33:48,2023-05-06 06:22:30,배달왕,4.49,앱결제,user_385
2023-06-02 07:39:28,2023-06-02 08:22:54,2023-06-02 08:18:35,배달왕,7.96,앱결제,user_134
2023-04-13 14:34:10,2023-04-13 16:15:13,2023-04-13 16:06:38,여기여,9.55,카드,user_391
2022-12-05 10:56:50,2022-12-05 11:48:32,2022-12-05 12:01:39,배달왕,1.39,앱결제,user_69
2022-12-27 23:27:10,2022-12-28 00:21:50,2022-12-28 00:34:57,여기여,7.44,카드,user_383
2022-12-13 23:37:36,2022-12-14 00:04:25,2022-12-14 00:31:52,여기여,3.62,카드,user_374
2023-05-18 14:09:43,2023-05-18 14:32:51,2023-05-18 14:51:31,여기여,1.86,앱결제,user_462
2022-10-21 08:09:30,2022-10-21 08:45:17,2022-10-21 08:37:13,배달왕,5.98,현금,user_276
2022-12-29 16:51:38,2022-12-29 18:34:09,2022-12-29 17:51:43,여기여,12.71,앱결제,user_431
2023-02-12 05:31:47,2023-02-12 06:44:25,2023-02-12 07:11:16,여기여,3.06,앱결제,user_354
2023-02-10 07:31:20,2023-02-10 08:42:52,2023-02-10 09:06:12,여기여,4.66,카드,user_354
2022-08-22 23:31:39,2022-08-23 00:26:12,2022-08-23 00:32:24,배고팡,3.66,카드,user_403
2023-01-22 02:35:20,2023-01-22 03:30:00,2023-01-22 03:51:31,배고팡,11.91,앱결제,user_460
2023-07-01 16:34:18,2023-07-01 17:24:40,2023-07-01 17:53:05,배고팡,13.06,카드,user_492
2023-01-25 22:04:58,2023-01-25 23:21:33,2023-01-25 23:08:59,배달왕,18.78,앱결제,user_155
2023-01-09 12:06:38,2023-01-09 13:18:42,2023-01-09 13:12:21,여기여,2.27,앱결제,user_394
2022-11-11 14:25:26,2022-11-11 15:29:27,2022-11-11 15:55:18,배고팡,16.03,앱결제,user_55
2023-06-09 05:59:38,2023-06-09 07:05:07,2023-06-09 07:21:06,배고팡,10.18,카드,user_209
2022-12-24 17:59:41,2022-12-24 18:27:44,2022-12-24 18:38:37,배고팡,1.72,현금,user_123
2023-04-22 06:20:28,2023-04-22 07:57:52,2023-04-22 07:13:02,배달왕,11.24,현금,user_236
2023-08-15 22:44:48,2023-08-15 23:48:31,2023-08-16 00:01:53,여기여,15.81,카드,user_208
2022-12-05 21:24:27,2022-12-05 21:45:41,2022-12-05 22:05:22,여기여,5.56,카드,user_470
2022-11-03 23:52:50,2022-11-04 01:21:11,2022-11-04 01:22:16,배고팡,11.35,카드,user_113
2022-09-23 09:10:10,2022-09-23 10:36:11,2022-09-23 09:47:02,배달왕,16.62,앱결제,user_369
2023-05-12 04:01:25,2023-05-12 04:53:04,2023-05-12 05:05:33,배달왕,15.01,앱결제,user_55
2023-06-03 12:27:45,2023-06-03 13:14:50,2023-06-03 13:34:35,여기여,16.52,카드,user_267
2022-11-06 08:37:41,2022-11-06 09:04:25,2022-11-06 08:58:19,배달왕,8.3,현금,user_138
2023-01-25 20:04:03,2023-01-25 20:40:01,2023-01-25 20:30:01,여기여,1.96,현금,user_124
2022-09-22 23:37:38,2022-09-23 01:12:09,2022-09-23 01:30:37,배달왕,8.63,현금,user_127
2023-06-12 08:05:54,2023-06-12 08:41:49,2023-06-12 08:37:39,여기여,7.48,앱결제,user_372
2023-02-22 02:07:48,2023-02-22 02:36:40,2023-02-22 03:01:47,여기여,1.69,현금,user_192
2023-06-02 17:53:57,2023-06-02 19:30:48,2023-06-02 18:35:19,여기여,5.34,현금,user_281
2023-02-04 20:21:54,2023-02-04 21:54:20,2023-02-04 20:59:07,여기여,4.95,현금,user_114
2023-01-03 22:09:27,2023-01-03 23:13:06,2023-01-03 22:41:55,배달왕,11.16,앱결제,user_449
2022-09-13 06:12:09,2022-09-13 06:33:33,2022-09-13 07:00:05,여기여,9.91,카드,user_195
2023-04-19 12:29:25,2023-04-19 13:40:09,2023-04-19 13:20:34,여기여,13.18,앱결제,user_185
2023-08-16 03:41:22,2023-08-16 04:06:11,2023-08-16 04:03:17,배달왕,14.17,카드,user_482
2023-05-21 07:29:44,2023-05-21 08:39:34,2023-05-21 09:00:57,배고팡,3.55,현금,user_286
2022-12-03 19:06:29,2022-12-03 20:22:46,2022-12-03 20:48:35,여기여,9.28,카드,user_440
2023-04-08 22:50:16,2023-04-09 00:20:08,2023-04-08 23:38:25,배고팡,6.25,앱결제,user_158
2023-02-11 09:06:33,2023-02-11 09:25:47,2023-02-11 09:38:00,배고팡,8.07,현금,user_449
2022-11-22 10:20:49,2022-11-22 10:47:37,2022-11-22 11:14:41,배고팡,10.77,카드,user_471
2023-01-24 23:54:21,2023-01-25 01:19:03,2023-01-25 00:19:13,배고팡,18.7,앱결제,user_53
2022-12-06 18:15:09,2022-12-06 18:46:14,2022-12-06 18:39:28,배달왕,9.81,현금,user_370
2022-08-30 13:01:18,2022-08-30 14:39:08,2022-08-30 13:54:41,배고팡,8.44,현금,user_56
2023-05-14 12:12:11,2023-05-14 13:15:38,2023-05-14 13:43:41,배달왕,14.78,현금,user_176
2022-12-05 15:25:28,2022-12-05 16:28:08,2022-12-05 16:37:13,배달왕,1.05,카드,user_270
2023-03-09 11:18:33,2023-03-09 12:02:02,2023-03-09 11:47:32,여기여,4.51,앱결제,user_112
2022-12-18 07:34:43,2022-12-18 08:38:23,2022-12-18 08:26:51,배달왕,2.88,현금,user_51
2023-03-09 03:28:43,2023-03-09 05:15:18,2023-03-09 04:25:07,배달왕,16.7,카드,user_19
2023-03-26 19:31:13,2023-03-26 20:03:29,2023-03-26 20:03:55,배고팡,5.3,카드,user_161
2022-12-23 11:21:54,2022-12-23 11:54:30,2022-12-23 11:48:59,배고팡,1.28,앱결제,user_457
2023-08-02 22:36:06,2023-08-02 23:16:09,2023-08-02 23:38:12,배달왕,10.12,카드,user_31
2023-07-13 22:50:00,2023-07-13 23:36:46,2023-07-13 23:33:08,배달왕,18.05,현금,user_407
2023-06-18 12:44:50,2023-06-18 13:09:46,2023-06-18 13:07:37,여기여,17.76,앱결제,user_282
2023-01-05 10:49:18,2023-01-05 12:17:24,2023-01-05 11:50:37,배고팡,8.3,카드,user_170
2022-11-11 21:31:45,2022-11-11 23:12:55,2022-11-11 23:34:44,배달왕,5.44,현금,user_246
2022-10-05 21:42:05,2022-10-05 22:01:48,2022-10-05 22:19:53,배달왕,0.61,현금,user_455
2023-03-16 15:03:11,2023-03-16 16:51:54,2023-03-16 17:05:11,배달왕,16.56,앱결제,user_284
2023-02-07 03:35:45,2023-02-07 04:40:58,2023-02-07 05:04:59,여기여,4.17,현금,user_484
2022-11-25 22:18:29,2022-11-25 22:47:40,2022-11-25 23:15:08,배달왕,1.74,앱결제,user_440
2023-01-30 17:30:54,2023-01-30 18:35:40,2023-01-30 18:27:31,배고팡,4.6,카드,user_378
2023-01-04 19:00:33,2023-01-04 20:29:51,2023-01-04 19:37:34,배고팡,0.56,현금,user_495
2022-10-02 22:04:45,2022-10-02 23:50:59,2022-10-02 23:30:38,배달왕,11.94,앱결제,user_434
2023-04-15 13:52:14,2023-04-15 14:15:24,2023-04-15 14:27:43,배고팡,18.22,카드,user_204
2022-12-25 08:50:29,2022-12-25 09:55:31,2022-12-25 09:38:02,배달왕,6.94,카드,user_420
2022-09-29 18:37:40,2022-09-29 20:13:38,2022-09-29 19:49:35,여기여,4.62,앱결제,user_368
2023-03-26 06:04:34,2023-03-26 07:36:35,2023-03-26 07:21:22,배달왕,0.75,앱결제,user_91
2022-10-17 21:03:00,2022-10-17 21:35:50,2022-10-17 21:38:34,배달왕,1.65,카드,user_139
2023-04-07 12:45:11,2023-04-07 14:31:31,2023-04-07 13:12:08,여기여,13.46,앱결제,user_80
2023-01-03 05:33:00,2023-01-03 06:43:26,2023-01-03 06:36:46,배달왕,5.88,앱결제,user_283
2023-08-17 00:03:23,2023-08-17 00:42:44,2023-08-17 00:49:36,배고팡,14.84,카드,user_40
2023-01-13 09:04:27,2023-01-13 10:49:37,2023-01-13 10:30:50,배고팡,13.06,앱결제,user_17
2023-02-07 16:43:25,2023-02-07 17:08:29,2023-02-07 17:17:53,배달왕,9.68,앱결제,user_158
2022-08-22 06:39:44,2022-08-22 07:36:07,2022-08-22 07:43:34,배고팡,7.65,카드,user_435
2023-05-18 06:24:16,2023-05-18 07:10:45,2023-05-18 06:52:38,여기여,14.35,현금,user_443
2023-03-20 06:41:38,2023-03-20 08:08:49,2023-03-20 08:36:55,배고팡,5.26,카드,user_405
2023-06-29 11:57:21,2023-06-29 12:35:46,2023-06-29 13:03:27,여기여,10.05,앱결제,user_184
2023-07-27 16:34:18,2023-07-27 17:00:17,2023-07-27 17:12:25,배달왕,12.06,앱결제,user_193
2022-10-05 10:14:41,2022-10-05 10:37:44,2022-10-05 10:54:33,여기여,3.3,앱결제,user_117
2022-12-11 16:57:54,2022-12-11 18:14:07,2022-12-11 18:21:11,배달왕,5.04,현금,user_381
2023-04-14 00:58:56,2023-04-14 01:37:01,2023-04-14 02:04:43,여기여,5.06,앱결제,user_174
2022-12-15 10:22:34,2022-12-15 10:38:36,2022-12-15 10:55:48,배달왕,0.98,카드,user_450
2022-10-11 00:12:37,2022-10-11 00:29:36,2022-10-11 00:41:34,여기여,2.08,현금,user_67
2022-09-10 03:10:01,2022-09-10 04:15:17,2022-09-10 04:15:16,배고팡,14.39,앱결제,user_176
2022-12-09 17:06:00,2022-12-09 18:13:00,2022-12-09 18:10:35,배고팡,9.07,카드,user_73
2023-04-23 22:19:43,2023-04-23 23:00:25,2023-04-23 23:23:23,배달왕,16.28,현금,user_93
2022-09-07 07:03:25,2022-09-07 07:20:55,2022-09-07 07:44:42,배고팡,14.48,현금,user_251
2023-06-21 15:25:37,2023-06-21 16:10:28,2023-06-21 15:57:41,배고팡,10.52,카드,user_414
2023-06-26 03:05:17,2023-06-26 04:01:38,2023-06-26 03:58:56,여기여,19.34,카드,user_48
2023-06-02 04:05:03,2023-06-02 05:40:24,2023-06-02 05:15:52,배달왕,1.2,현금,user_162
2023-07-11 21:37:26,2023-07-11 22:40:48,2023-07-11 22:32:24,여기여,15.55,현금,user_4
2022-09-11 06:49:30,2022-09-11 08:14:48,2022-09-11 07:42:46,배달왕,3.89,앱결제,user_429
2023-01-22 02:02:53,2023-01-22 03:05:51,2023-01-22 02:26:07,배달왕,4.61,카드,user_447
2023-07-07 19:40:38,2023-07-07 20:14:28,2023-07-07 20:21:48,배고팡,2.29,앱결제,user_14
2022-08-31 04:35:46,2022-08-31 04:52:50,2022-08-31 05:18:04,여기여,17.6,카드,user_111
2023-01-29 07:11:07,2023-01-29 08:03:00,2023-01-29 08:27:03,배고팡,1.79,앱결제,user_82
2023-03-30 03:50:31,2023-03-30 04:08:46,2023-03-30 04:27:19,여기여,12.86,앱결제,user_36
2022-10-10 02:53:41,2022-10-10 03:59:59,2022-10-10 03:49:53,배달왕,0.98,현금,user_301
2023-02-27 04:09:46,2023-02-27 05:13:06,2023-02-27 04:53:18,여기여,9.92,앱결제,user_391
2022-09-26 04:29:48,2022-09-26 05:03:10,2022-09-26 04:54:09,여기여,18.23,현금,user_488
2023-04-10 20:31:01,2023-04-10 21:36:17,2023-04-10 21:14:14,여기여,13.18,카드,user_182
2023-05-06 19:47:41,2023-05-06 21:30:04,2023-05-06 21:29:36,여기여,17.22,현금,user_191
2023-06-03 10:19:59,2023-06-03 11:56:10,2023-06-03 12:16:34,배고팡,12.72,앱결제,user_392
2023-03-21 21:40:51,2023-03-21 23:30:16,2023-03-21 22:47:21,배달왕,15.51,앱결제,user_442
2023-01-08 10:25:59,2023-01-08 11:03:01,2023-01-08 10:50:44,배달왕,7.05,카드,user_286
2022-10-17 05:52:34,2022-10-17 06:43:14,2022-10-17 07:01:08,배달왕,4.55,현금,user_4
2023-05-03 22:56:47,2023-05-04 00:12:55,2023-05-03 23:24:36,배달왕,6.15,카드,user_342
2022-09-11 10:24:07,2022-09-11 11:54:32,2022-09-11 12:16:19,배달왕,10.51,앱결제,user_184
2023-07-16 21:41:46,2023-07-16 22:17:18,2023-07-16 22:17:26,여기여,12.18,현금,user_28
2022-12-14 09:13:45,2022-12-14 10:12:03,2022-12-14 10:19:05,배달왕,9.56,현금,user_178
2022-12-30 04:24:29,2022-12-30 05:12:57,2022-12-30 05:27:00,여기여,7.08,카드,user_361
2022-12-18 18:07:24,2022-12-18 19:02:31,2022-12-18 18:32:26,여기여,5.26,카드,user_154
2023-02-20 19:49:30,2023-02-20 20:33:59,2023-02-20 20:44:10,여기여,4.77,현금,user_252
2023-08-19 22:38:12,2023-08-19 23:15:34,2023-08-19 23:33:58,배달왕,12.23,앱결제,user_350
2023-01-01 08:12:46,2023-01-01 09:27:38,2023-01-01 09:22:36,배달왕,1.94,카드,user_438
2023-06-07 06:18:16,2023-06-07 07:04:05,2023-06-07 07:00:47,배고팡,3.26,앱결제,user_73
2022-10-17 23:37:59,2022-10-18 00:37:22,2022-10-18 01:05:27,배고팡,2.31,현금,user_125
2023-02-04 09:54:53,2023-02-04 11:22:36,2023-02-04 10:48:46,배고팡,2.46,현금,user_141
2022-09-30 22:30:13,2022-09-30 23:58:27,2022-10-01 00:24:46,여기여,8.7,현금,user_157
2022-09-22 17:45:59,2022-09-22 19:30:01,2022-09-22 18:43:52,여기여,1.1,현금,user_472
2023-08-02 05:43:38,2023-08-02 06:03:50,2023-08-02 06:30:43,배고팡,13.83,현금,user_468
2023-05-24 18:55:19,2023-05-24 19:59:21,2023-05-24 20:04:55,배달왕,14.76,현금,user_373
2023-07-12 23:34:36,2023-07-13 00:45:48,2023-07-13 00:17:35,배달왕,2.79,카드,user_219
2023-04-27 15:37:33,2023-04-27 16:41:21,2023-04-27 16:50:24,배달왕,1.91,카드,user_354
2023-07-08 10:40:02,2023-07-08 11:55:37,2023-07-08 11:24:49,여기여,4.46,카드,user_254
2023-07-05 05:03:08,2023-07-05 05:31:44,2023-07-05 05:43:10,여기여,10.61,앱결제,user_455
2023-01-08 08:27:52,2023-01-08 09:33:59,2023-01-08 08:52:51,여기여,5.7,현금,user_173
2023-06-01 18:09:04,2023-06-01 19:05:00,2023-06-01 18:53:38,배고팡,13.87,카드,user_234
2022-12-16 11:09:06,2022-12-16 12:14:00,2022-12-16 12:15:53,배달왕,7.2,카드,user_430
2023-06-26 04:11:07,2023-06-26 04:52:35,2023-06-26 05:14:33,배달왕,7.86,앱결제,user_362
2022-10-01 09:24:34,2022-10-01 10:40:56,2022-10-01 10:20:15,배달왕,15.48,현금,user_201
2022-09-28 22:52:14,2022-09-29 00:14:17,2022-09-28 23:43:27,여기여,18.56,카드,user_234
2022-09-21 06:37:17,2022-09-21 07:53:01,2022-09-21 07:34:11,배고팡,2.05,현금,user_109
2023-06-18 07:34:47,2023-06-18 08:32:24,2023-06-18 08:38:53,배고팡,10.64,앱결제,user_342
2022-10-11 22:52:23,2022-10-11 23:11:57,2022-10-11 23:13:21,배달왕,5.07,현금,user_305
2023-06-12 18:32:59,2023-06-12 18:51:07,2023-06-12 18:54:43,여기여,15.88,현금,user_56
2022-12-23 14:26:49,2022-12-23 15:25:28,2022-12-23 15:49:08,배고팡,0.53,앱결제,user_425
2023-01-05 20:55:23,2023-01-05 21:36:03,2023-01-05 21:52:21,배고팡,13.43,현금,user_13
2022-11-03 08:13:46,2022-11-03 09:43:14,2022-11-03 09:14:43,배고팡,16.49,카드,user_360
2023-06-17 16:07:11,2023-06-17 17:49:34,2023-06-17 18:15:45,여기여,0.95,카드,user_479
2023-08-16 14:59:47,2023-08-16 16:12:47,2023-08-16 15:41:43,배달왕,17.34,앱결제,user_401
2023-02-12 05:45:44,2023-02-12 06:39:12,2023-02-12 06:41:27,배고팡,9.45,앱결제,user_176
2023-02-03 00:52:43,2023-02-03 02:01:29,2023-02-03 02:13:17,배고팡,18.65,카드,user_416
2023-03-04 04:45:27,2023-03-04 06:35:12,2023-03-04 06:52:03,배달왕,14.06,앱결제,user_239
2023-05-03 22:34:18,2023-05-04 00:08:31,2023-05-03 23:11:28,배달왕,9.54,카드,user_2
2022-09-13 16:27:21,2022-09-13 17:59:18,2022-09-13 18:08:26,여기여,13.89,현금,user_111
2022-11-12 10:15:56,2022-11-12 11:27:00,2022-11-12 11:49:18,여기여,0.6,카드,user_415
2023-01-29 12:12:53,2023-01-29 13:16:33,2023-01-29 13:36:11,배달왕,18.51,현금,user_245
2022-09-23 04:07:55,2022-09-23 04:43:00,2022-09-23 04:34:39,여기여,3.85,앱결제,user_13
2022-10-14 12:02:19,2022-10-14 12:48:01,2022-10-14 13:12:26,배고팡,4.43,앱결제,user_83
2023-07-16 02:23:32,2023-07-16 03:34:48,2023-07-16 03:18:40,배고팡,15.04,카드,user_494
2022-09-08 10:53:38,2022-09-08 11:24:23,2022-09-08 11:33:38,배달왕,2.29,카드,user_445
2022-11-12 03:11:12,2022-11-12 04:50:42,2022-11-12 04:46:02,배달왕,13.25,카드,user_355
2023-06-25 19:09:11,2023-06-25 19:26:33,2023-06-25 19:55:59,배고팡,11.35,현금,user_368
2023-06-11 03:33:03,2023-06-11 04:08:15,2023-06-11 04:10:08,배달왕,11.14,앱결제,user_255
2022-10-18 20:01:49,2022-10-18 21:45:22,2022-10-18 21:38:05,여기여,13.6,카드,user_236
2023-02-07 03:11:53,2023-02-07 04:13:28,2023-02-07 04:32:53,여기여,14.3,앱결제,user_386
2023-04-28 13:10:55,2023-04-28 13:47:33,2023-04-28 13:55:44,여기여,2.42,카드,user_251
2022-10-28 04:52:01,2022-10-28 05:15:18,2022-10-28 05:14:51,배달왕,6.26,현금,user_459
2023-03-23 15:21:20,2023-03-23 15:38:08,2023-03-23 15:52:03,여기여,15.05,현금,user_317
2022-10-21 05:47:34,2022-10-21 07:30:52,2022-10-21 08:01:12,여기여,18.1,카드,user_80
2023-03-18 09:47:57,2023-03-18 10:12:11,2023-03-18 10:23:23,여기여,8.96,앱결제,user_317
2022-12-26 09:30:09,2022-12-26 10:14:58,2022-12-26 10:03:29,배고팡,7.79,현금,user_370
2023-01-01 18:08:12,2023-01-01 19:50:42,2023-01-01 18:53:25,배달왕,8.21,현금,user_201
2023-04-29 02:22:56,2023-04-29 02:51:33,2023-04-29 02:53:46,배고팡,2.28,현금,user_305
2022-11-01 18:01:22,2022-11-01 19:28:33,2022-11-01 19:34:42,배달왕,7.94,카드,user_125
2023-05-29 18:17:00,2023-05-29 19:53:19,2023-05-29 18:46:42,배달왕,1.94,카드,user_25
2023-01-25 05:24:59,2023-01-25 07:07:42,2023-01-25 07:02:05,여기여,7.37,카드,user_419
2023-05-13 22:51:22,2023-05-13 23:30:57,2023-05-13 23:25:40,배달왕,1.42,현금,user_473
2023-07-30 06:32:05,2023-07-30 07:47:25,2023-07-30 07:10:50,여기여,5.73,앱결제,user_127
2023-05-09 17:03:19,2023-05-09 18:44:48,2023-05-09 17:41:42,여기여,13.75,카드,user_363
2023-03-07 13:43:57,2023-03-07 14:55:01,2023-03-07 14:24:33,배달왕,5.7,카드,user_62
2023-04-04 16:44:43,2023-04-04 17:41:30,2023-04-04 17:19:12,배달왕,13.8,현금,user_251
2022-11-30 15:53:39,2022-11-30 16:50:23,2022-11-30 17:07:50,배고팡,10.23,현금,user_142
2022-09-25 18:43:23,2022-09-25 19:27:17,2022-09-25 19:48:31,배달왕,5.2,카드,user_62
2023-02-02 19:43:47,2023-02-02 20:26:21,2023-02-02 20:24:16,배달왕,15.48,현금,user_500
2023-07-17 15:52:04,2023-07-17 16:34:55,2023-07-17 16:23:05,배달왕,8.59,카드,user_82
2023-01-26 18:12:54,2023-01-26 19:55:32,2023-01-26 19:50:37,배고팡,9.39,앱결제,user_342
2023-05-20 04:08:36,2023-05-20 04:33:24,2023-05-20 04:51:47,배고팡,15.4,현금,user_231
2022-09-21 15:09:42,2022-09-21 15:40:04,2022-09-21 15:44:17,여기여,6.62,현금,user_467
2023-02-25 19:07:38,2023-02-25 20:11:41,2023-02-25 20:16:12,배고팡,14.14,카드,user_170
2023-07-12 00:30:54,2023-07-12 01:34:38,2023-07-12 01:53:24,배고팡,15.56,카드,user_354
2023-07-01 00:10:48,2023-07-01 01:00:49,2023-07-01 00:31:09,배고팡,6.5,현금,user_431
2022-09-16 07:53:31,2022-09-16 09:14:06,2022-09-16 09:28:56,배달왕,10.9,앱결제,user_365
2023-04-08 01:19:24,2023-04-08 02:13:56,2023-04-08 01:53:26,배고팡,17.72,현금,user_261
2023-01-30 09:19:30,2023-01-30 11:02:20,2023-01-30 10:26:00,배고팡,6.4,현금,user_159
2023-01-11 01:32:50,2023-01-11 02:52:20,2023-01-11 02:25:26,배달왕,1.27,앱결제,user_157
2022-12-05 02:31:33,2022-12-05 02:51:11,2022-12-05 02:57:48,여기여,5.65,카드,user_438
2023-05-28 07:49:39,2023-05-28 08:11:28,2023-05-28 08:33:37,배달왕,8.69,카드,user_372
2022-10-06 22:17:32,2022-10-06 23:54:05,2022-10-07 00:07:51,여기여,16.3,카드,user_462
2022-10-03 04:11:46,2022-10-03 05:33:41,2022-10-03 04:37:00,배달왕,3.78,카드,user_411
2022-12-02 23:02:33,2022-12-03 00:24:09,2022-12-03 00:45:39,여기여,3.69,현금,user_441
2022-12-04 09:06:03,2022-12-04 09:25:51,2022-12-04 09:51:45,배고팡,6.54,현금,user_103
2023-06-21 11:17:40,2023-06-21 12:02:20,2023-06-21 12:24:44,배달왕,19.29,카드,user_413
2023-08-02 11:19:52,2023-08-02 11:58:36,2023-08-02 11:48:01,배고팡,3.46,카드,user_412
2023-05-23 11:02:54,2023-05-23 12:24:56,2023-05-23 11:23:37,배고팡,10.55,카드,user_59
2023-01-26 11:54:03,2023-01-26 12:54:34,2023-01-26 12:31:03,배고팡,6.2,카드,user_32
2022-09-30 17:26:25,2022-09-30 18:44:24,2022-09-30 18:12:46,배달왕,8.71,현금,user_361
2023-05-13 20:37:23,2023-05-13 22:13:23,2023-05-13 21:11:10,여기여,10.83,현금,user_201
2022-09-29 18:05:53,2022-09-29 18:37:53,2022-09-29 18:29:07,배고팡,18.32,앱결제,user_81
2023-02-01 05:16:58,2023-02-01 05:39:38,2023-02-01 05:44:01,배달왕,13.82,현금,user_142
2023-07-11 22:58:08,2023-07-11 23:45:50,2023-07-11 23:19:10,배고팡,13.66,앱결제,user_407
2022-11-21 17:51:50,2022-11-21 19:33:57,2022-11-21 19:14:11,배고팡,1.66,현금,user_155
2023-08-07 00:48:08,2023-08-07 01:15:53,2023-08-07 01:38:44,배고팡,17.37,현금,user_388
2023-04-14 01:33:29,2023-04-14 02:54:42,2023-04-14 02:10:53,배달왕,12.71,현금,user_129
2022-08-27 22:18:36,2022-08-27 22:52:17,2022-08-27 23:19:34,배고팡,14.68,카드,user_299
2023-06-16 07:17:41,2023-06-16 08:22:00,2023-06-16 08:11:09,여기여,3.16,현금,user_259
2022-09-03 22:51:54,2022-09-04 00:19:47,2022-09-04 00:40:53,배고팡,3.83,현금,user_285
2022-11-29 04:36:25,2022-11-29 05:43:55,2022-11-29 06:01:05,여기여,14.43,현금,user_342
2023-05-28 19:29:39,2023-05-28 20:23:40,2023-05-28 20:50:19,배달왕,16.22,현금,user_345
2022-10-20 08:29:57,2022-10-20 09:23:55,2022-10-20 09:30:29,여기여,19.85,카드,user_5
2023-06-24 18:07:38,2023-06-24 18:49:22,2023-06-24 18:57:46,배달왕,1.07,앱결제,user_428
2023-07-28 11:06:09,2023-07-28 12:50:42,2023-07-28 13:04:19,배고팡,14.57,카드,user_132
2023-05-18 10:59:00,2023-05-18 11:36:07,2023-05-18 11:30:51,배달왕,5.08,카드,user_329
2022-11-06 03:54:31,2022-11-06 05:43:20,2022-11-06 06:03:10,여기여,17.61,카드,user_251
2023-07-07 08:10:45,2023-07-07 09:11:32,2023-07-07 08:34:15,여기여,19.96,카드,user_358
2023-06-07 00:16:23,2023-06-07 01:36:13,2023-06-07 02:02:13,여기여,7.44,현금,user_322
2023-03-08 16:56:30,2023-03-08 18:25:09,2023-03-08 17:38:44,배고팡,4.4,현금,user_324
2023-03-17 06:17:15,2023-03-17 06:45:21,2023-03-17 06:45:47,배달왕,17.41,카드,user_50
2022-11-06 09:04:45,2022-11-06 09:58:50,2022-11-06 10:21:16,배달왕,2.47,카드,user_107
2023-08-20 03:58:49,2023-08-20 05:09:36,2023-08-20 05:29:12,배고팡,10.54,현금,user_463
2023-05-26 14:16:20,2023-05-26 15:33:18,2023-05-26 14:40:03,여기여,5.69,앱결제,user_362
2022-11-29 03:48:16,2022-11-29 04:14:54,2022-11-29 04:37:10,배고팡,9.76,카드,user_321
2023-03-17 00:13:01,2023-03-17 00:57:54,2023-03-17 01:00:58,여기여,7.33,카드,user_408
2023-05-05 12:51:15,2023-05-05 14:34:31,2023-05-05 14:44:07,배달왕,17.05,현금,user_218
2023-08-11 03:21:04,2023-08-11 03:47:28,2023-08-11 04:09:14,여기여,3.48,앱결제,user_288
2023-04-02 06:37:32,2023-04-02 07:04:55,2023-04-02 07:03:42,여기여,4.37,앱결제,user_452
2023-05-22 11:27:51,2023-05-22 13:01:32,2023-05-22 12:55:41,배고팡,17.4,현금,user_259
2023-02-10 19:57:22,2023-02-10 21:29:25,2023-02-10 21:36:59,여기여,7.87,앱결제,user_8
2022-10-27 16:30:57,2022-10-27 16:49:55,2022-10-27 17:04:31,여기여,3.61,카드,user_498
2023-02-15 04:16:43,2023-02-15 05:21:05,2023-02-15 05:13:22,여기여,1.34,현금,user_125
2023-03-09 14:08:56,2023-03-09 15:56:48,2023-03-09 16:05:47,여기여,14.68,현금,user_95
2023-05-29 00:39:15,2023-05-29 01:22:24,2023-05-29 01:01:04,배고팡,16.94,현금,user_394
2023-07-10 20:57:41,2023-07-10 22:14:18,2023-07-10 22:19:31,여기여,8.91,앱결제,user_467
2023-04-29 23:53:16,2023-04-30 00:36:18,2023-04-30 00:47:24,여기여,15.82,앱결제,user_84
2023-06-10 13:26:49,2023-06-10 14:10:44,2023-06-10 14:27:47,배달왕,5.22,카드,user_64
2023-06-26 01:43:40,2023-06-26 02:24:16,2023-06-26 02:52:36,배고팡,16.82,현금,user_101
2023-02-05 04:38:01,2023-02-05 06:01:37,2023-02-05 06:00:50,여기여,13.56,현금,user_365
2023-03-29 18:46:36,2023-03-29 19:28:57,2023-03-29 19:58:21,배고팡,15.88,카드,user_435
2023-02-15 10:11:59,2023-02-15 10:41:26,2023-02-15 10:58:02,배고팡,10.29,현금,user_397
2023-06-02 15:00:59,2023-06-02 15:20:00,2023-06-02 15:46:54,여기여,14.48,카드,user_339
2023-06-19 02:52:21,2023-06-19 03:58:46,2023-06-19 03:52:36,여기여,8.15,카드,user_484
2023-06-15 23:14:56,2023-06-16 00:08:21,2023-06-15 23:46:05,배고팡,15.72,카드,user_376
2022-08-23 03:32:17,2022-08-23 04:21:22,2022-08-23 04:13:18,배고팡,19.91,현금,user_189
2023-01-26 23:09:23,2023-01-26 23:32:48,2023-01-26 23:35:33,배고팡,8.37,현금,user_11
2022-09-02 18:21:31,2022-09-02 18:39:35,2022-09-02 19:02:14,배달왕,13.78,카드,user_278
2023-07-23 07:38:37,2023-07-23 08:21:23,2023-07-23 08:05:54,여기여,4.21,카드,user_351
2022-10-02 20:48:21,2022-10-02 21:54:48,2022-10-02 22:09:54,배달왕,3.19,현금,user_254
2023-05-28 15:37:43,2023-05-28 16:09:40,2023-05-28 16:37:05,배달왕,2.35,현금,user_322
2023-04-23 21:57:34,2023-04-23 22:27:18,2023-04-23 22:40:52,배달왕,1.71,카드,user_304
2022-12-17 16:20:51,2022-12-17 16:37:12,2022-12-17 17:07:20,배고팡,4.9,카드,user_9
2023-06-03 22:00:44,2023-06-03 22:47:11,2023-06-03 22:36:23,배고팡,10.89,현금,user_327
2023-05-08 02:27:44,2023-05-08 03:51:02,2023-05-08 03:02:44,여기여,15.59,앱결제,user_25
2023-04-07 10:53:40,2023-04-07 12:39:30,2023-04-07 12:04:06,배달왕,1.31,현금,user_6
2022-12-23 08:24:26,2022-12-23 09:29:39,2022-12-23 08:51:29,여기여,9.57,카드,user_358
2023-08-03 15:44:15,2023-08-03 17:21:06,2023-08-03 16:36:32,배고팡,1.63,앱결제,user_227
2023-08-19 11:25:01,2023-08-19 13:02:24,2023-08-19 13:10:42,배달왕,4.64,앱결제,user_452
2022-09-06 17:32:23,2022-09-06 18:23:52,2022-09-06 18:05:02,배달왕,11.58,카드,user_270
2022-11-05 18:33:19,2022-11-05 19:20:47,2022-11-05 19:05:34,배고팡,8.1,카드,user_373
2023-05-05 05:05:54,2023-05-05 06:00:21,2023-05-05 05:57:47,배고팡,3.29,앱결제,user_4
2023-07-13 10:54:31,2023-07-13 12:26:40,2023-07-13 11:33:04,배고팡,9.14,현금,user_387
2023-03-05 11:44:05,2023-03-05 13:20:11,2023-03-05 13:08:01,배달왕,15.32,현금,user_327
2023-02-04 20:25:04,2023-02-04 21:42:40,2023-02-04 20:51:00,배달왕,17.26,카드,user_378
2023-05-23 22:04:15,2023-05-23 23:16:17,2023-05-23 23:44:12,여기여,1.97,카드,user_469
2022-12-07 15:03:55,2022-12-07 16:19:17,2022-12-07 16:38:16,여기여,14.81,카드,user_463
2023-04-19 16:09:26,2023-04-19 16:36:19,2023-04-19 16:37:04,배고팡,13.04,현금,user_107
2022-09-09 20:09:17,2022-09-09 21:50:38,2022-09-09 22:06:07,여기여,3.4,앱결제,user_79
2023-07-20 10:53:02,2023-07-20 12:17:14,2023-07-20 12:10:40,배고팡,3.85,앱결제,user_68
2022-12-15 08:53:55,2022-12-15 10:12:14,2022-12-15 10:14:13,배고팡,12.42,카드,user_241
2023-04-06 19:56:37,2023-04-06 21:40:37,2023-04-06 20:45:55,여기여,10.26,현금,user_62
2022-11-15 17:14:15,2022-11-15 17:56:41,2022-11-15 17:37:22,여기여,19.21,카드,user_206
2023-01-10 23:33:27,2023-01-11 00:22:34,2023-01-11 00:07:06,배고팡,3.45,앱결제,user_285
2023-08-06 22:34:51,2023-08-06 23:41:15,2023-08-06 23:03:07,여기여,6.46,현금,user_479
2022-09-06 17:47:22,2022-09-06 18:20:15,2022-09-06 18:17:21,배고팡,15.22,카드,user_499
2022-11-16 19:37:10,2022-11-16 21:21:49,2022-11-16 20:36:28,배달왕,11.18,현금,user_116
2022-09-25 12:17:54,2022-09-25 13:39:09,2022-09-25 13:17:50,여기여,0.9,현금,user_252
2023-02-11 23:36:37,2023-02-12 00:03:08,2023-02-12 00:06:39,배고팡,9.91,카드,user_62
2023-07-30 09:03:09,2023-07-30 09:45:29,2023-07-30 09:25:21,배고팡,14.93,현금,user_443
2023-07-15 13:14:49,2023-07-15 13:39:40,2023-07-15 13:41:39,여기여,15.47,현금,user_241
2022-08-29 07:42:26,2022-08-29 09:20:33,2022-08-29 09:29:20,여기여,19.62,카드,user_195
2023-03-14 21:54:08,2023-03-14 23:17:47,2023-03-14 23:44:31,배달왕,3.97,카드,user_119
2022-12-28 15:52:52,2022-12-28 16:57:46,2022-12-28 16:21:55,배고팡,14.25,앱결제,user_368
2023-03-11 20:55:12,2023-03-11 21:26:54,2023-03-11 21:17:51,여기여,16.56,앱결제,user_318
2023-03-09 06:42:07,2023-03-09 08:13:43,2023-03-09 08:43:15,배달왕,3.96,앱결제,user_415
2023-05-07 20:33:08,2023-05-07 21:12:51,2023-05-07 21:30:19,배달왕,4.28,앱결제,user_366
2023-02-01 20:00:59,2023-02-01 21:06:24,2023-02-01 20:57:58,배고팡,18.17,앱결제,user_119
2023-07-04 02:41:31,2023-07-04 03:37:39,2023-07-04 03:45:44,배고팡,14.32,앱결제,user_223
2022-12-24 00:47:23,2022-12-24 01:34:27,2022-12-24 01:09:14,배고팡,17.0,앱결제,user_413
2022-11-20 07:52:16,2022-11-20 09:16:29,2022-11-20 09:16:38,여기여,3.04,앱결제,user_292
2023-06-07 04:29:28,2023-06-07 05:01:20,2023-06-07 04:54:26,배달왕,11.37,현금,user_1
2023-08-16 09:41:01,2023-08-16 11:15:35,2023-08-16 11:25:39,배달왕,4.34,앱결제,user_333
2022-11-05 00:23:21,2022-11-05 01:16:35,2022-11-05 01:37:53,배고팡,15.46,앱결제,user_338
2023-04-11 05:09:07,2023-04-11 06:00:36,2023-04-11 06:28:16,배달왕,18.48,카드,user_420
2023-05-07 07:45:29,2023-05-07 09:14:09,2023-05-07 09:19:26,배고팡,4.72,현금,user_304
2023-04-05 18:03:49,2023-04-05 18:40:04,2023-04-05 18:34:44,여기여,1.59,현금,user_343
2022-08-27 17:43:58,2022-08-27 19:32:13,2022-08-27 19:53:12,배고팡,18.9,현금,user_160
2023-06-10 14:18:23,2023-06-10 15:42:50,2023-06-10 14:39:04,배고팡,19.79,앱결제,user_151
2023-02-09 14:13:50,2023-02-09 15:42:08,2023-02-09 15:20:27,배달왕,11.16,현금,user_95
2023-04-05 22:00:47,2023-04-05 23:13:00,2023-04-05 22:35:53,배고팡,4.15,앱결제,user_265
2022-11-08 04:45:10,2022-11-08 05:23:11,2022-11-08 05:16:14,배달왕,16.79,앱결제,user_120
2023-04-02 14:13:30,2023-04-02 14:45:29,2023-04-02 15:09:20,여기여,2.37,앱결제,user_446
2022-12-15 10:34:49,2022-12-15 10:58:07,2022-12-15 11:08:59,배달왕,12.09,현금,user_303
2022-12-03 14:21:10,2022-12-03 15:58:19,2022-12-03 15:19:23,배달왕,13.54,카드,user_471
2023-01-31 14:04:34,2023-01-31 15:49:05,2023-01-31 15:57:12,배달왕,18.05,앱결제,user_301
2022-10-23 02:12:52,2022-10-23 03:43:25,2022-10-23 03:41:26,배고팡,19.14,현금,user_157
2022-08-27 16:52:53,2022-08-27 18:21:01,2022-08-27 17:25:23,배고팡,3.62,현금,user_137
2022-10-31 18:31:05,2022-10-31 19:18:41,2022-10-31 19:33:05,배달왕,5.55,앱결제,user_264
2023-05-21 02:50:01,2023-05-21 03:59:20,2023-05-21 03:55:44,여기여,18.69,앱결제,user_346
2023-08-20 16:59:36,2023-08-20 17:48:03,2023-08-20 18:14:20,배달왕,7.12,카드,user_369
2023-03-05 17:52:04,2023-03-05 18:49:20,2023-03-05 18:41:22,배달왕,16.65,앱결제,user_398
2023-01-08 00:47:36,2023-01-08 01:22:49,2023-01-08 01:33:16,배고팡,13.2,앱결제,user_242
2023-02-17 18:44:00,2023-02-17 19:50:46,2023-02-17 19:58:25,배고팡,13.45,카드,user_161
2023-06-03 00:59:00,2023-06-03 02:32:17,2023-06-03 02:44:03,배고팡,9.46,현금,user_245
2022-12-29 23:47:19,2022-12-30 00:44:41,2022-12-30 01:09:52,배고팡,12.58,앱결제,user_450
2022-12-14 14:17:51,2022-12-14 15:38:29,2022-12-14 15:19:06,배달왕,11.43,앱결제,user_153
2023-07-31 20:27:39,2023-07-31 21:56:50,2023-07-31 21:29:13,배고팡,2.05,현금,user_299
2023-07-09 16:02:30,2023-07-09 16:55:19,2023-07-09 16:23:48,배고팡,6.65,카드,user_181
2023-04-15 16:48:54,2023-04-15 17:20:25,2023-04-15 17:42:07,배고팡,9.72,현금,user_154
2022-10-10 05:36:12,2022-10-10 07:06:20,2022-10-10 06:25:58,배달왕,11.48,현금,user_107
2023-01-21 16:36:15,2023-01-21 18:10:20,2023-01-21 17:22:36,배달왕,0.81,앱결제,user_414
2022-12-05 08:25:36,2022-12-05 08:57:03,2022-12-05 08:59:57,배달왕,7.76,앱결제,user_404
2023-04-15 00:13:32,2023-04-15 00:50:30,2023-04-15 00:55:28,여기여,16.51,현금,user_255
2023-06-13 18:24:38,2023-06-13 20:05:30,2023-06-13 19:14:16,배고팡,5.15,앱결제,user_104
2023-04-01 06:28:54,2023-04-01 08:15:15,2023-04-01 07:10:53,배고팡,7.14,현금,user_184
2022-12-28 14:29:02,2022-12-28 15:59:19,2022-12-28 15:18:28,여기여,10.25,현금,user_135
2022-11-12 06:31:18,2022-11-12 07:41:10,2022-11-12 07:44:20,배고팡,11.8,카드,user_28
2023-07-08 08:46:44,2023-07-08 09:47:53,2023-07-08 09:07:16,배달왕,17.15,현금,user_214
2023-07-18 04:57:58,2023-07-18 05:53:58,2023-07-18 05:18:44,배고팡,11.83,현금,user_323
2022-11-27 04:46:00,2022-11-27 06:22:14,2022-11-27 06:10:49,배달왕,4.6,현금,user_315
2022-10-31 19:30:06,2022-10-31 21:04:56,2022-10-31 20:32:06,배달왕,16.85,현금,user_89
2023-06-20 09:45:56,2023-06-20 10:27:37,2023-06-20 10:30:09,배고팡,10.12,카드,user_345
2022-09-22 19:50:44,2022-09-22 20:49:54,2022-09-22 20:30:41,여기여,10.85,앱결제,user_383
2023-08-05 14:46:51,2023-08-05 15:44:40,2023-08-05 16:08:41,배달왕,17.3,카드,user_205
2023-08-08 06:31:51,2023-08-08 07:01:07,2023-08-08 07:10:43,배고팡,3.6,앱결제,user_143
2023-02-28 19:20:25,2023-02-28 20:25:56,2023-02-28 20:15:04,여기여,4.53,카드,user_93
2023-07-30 19:28:51,2023-07-30 20:30:35,2023-07-30 20:45:45,배달왕,11.98,현금,user_464
2023-06-16 02:52:23,2023-06-16 04:28:49,2023-06-16 03:27:08,배달왕,11.76,카드,user_331
2023-03-12 05:08:35,2023-03-12 06:09:19,2023-03-12 06:05:09,여기여,16.09,앱결제,user_396
2023-07-29 04:14:21,2023-07-29 05:16:56,2023-07-29 05:36:25,여기여,10.8,현금,user_162
2022-10-22 20:13:05,2022-10-22 21:33:54,2022-10-22 20:42:41,여기여,17.97,앱결제,user_10
2022-10-01 00:11:00,2022-10-01 01:08:27,2022-10-01 00:55:25,배달왕,1.72,현금,user_304
2023-06-23 01:36:25,2023-06-23 02:53:46,2023-06-23 02:06:30,배달왕,17.8,현금,user_168
2023-05-09 10:47:14,2023-05-09 11:32:12,2023-05-09 11:56:44,여기여,1.54,현금,user_500
2022-09-09 05:23:20,2022-09-09 06:04:17,2022-09-09 06:24:17,배달왕,3.4,현금,user_161
2022-09-07 00:02:05,2022-09-07 01:15:59,2022-09-07 00:30:49,배고팡,6.08,카드,user_56
2022-09-25 14:03:24,2022-09-25 14:44:13,2022-09-25 14:29:02,여기여,19.72,앱결제,user_417
2022-12-02 13:42:32,2022-12-02 15:00:30,2022-12-02 15:06:07,여기여,6.96,앱결제,user_368
2022-11-18 22:14:33,2022-11-18 22:44:57,2022-11-18 22:52:34,배달왕,15.31,카드,user_295
2023-02-17 17:14:11,2023-02-17 18:53:50,2023-02-17 18:41:35,여기여,0.58,카드,user_367
2022-11-17 15:03:53,2022-11-17 15:50:08,2022-11-17 15:42:49,여기여,15.88,앱결제,user_350
2023-03-15 14:20:07,2023-03-15 15:40:09,2023-03-15 15:30:28,여기여,11.65,현금,user_430
2022-09-08 21:50:58,2022-09-08 23:16:36,2022-09-08 23:02:46,배고팡,6.46,앱결제,user_476
2022-10-10 17:25:41,2022-10-10 18:17:52,2022-10-10 18:22:17,여기여,12.13,앱결제,user_444
2023-04-16 13:49:27,2023-04-16 14:12:12,2023-04-16 14:23:49,배고팡,18.55,카드,user_209
2022-11-19 18:52:34,2022-11-19 20:30:20,2022-11-19 20:34:02,여기여,7.19,현금,user_96
2023-03-20 21:44:01,2023-03-20 23:12:44,2023-03-20 22:24:48,배달왕,13.7,현금,user_23
2022-10-01 20:39:56,2022-10-01 22:24:54,2022-10-01 21:10:17,배달왕,10.26,현금,user_290
2022-10-20 10:45:51,2022-10-20 12:30:19,2022-10-20 12:54:07,배고팡,9.54,현금,user_255
2023-08-15 08:04:17,2023-08-15 09:06:45,2023-08-15 08:24:23,여기여,17.67,앱결제,user_79
2022-11-22 08:19:08,2022-11-22 09:39:00,2022-11-22 08:45:55,배달왕,1.37,카드,user_223
2022-12-18 23:29:08,2022-12-19 00:35:10,2022-12-19 00:54:07,여기여,1.01,앱결제,user_379
2023-06-09 23:04:08,2023-06-10 00:42:19,2023-06-10 00:39:32,여기여,6.14,카드,user_382
2023-06-26 19:54:37,2023-06-26 21:30:24,2023-06-26 20:25:56,배달왕,16.0,현금,user_476
2023-05-11 01:55:20,2023-05-11 02:49:16,2023-05-11 02:39:16,배달왕,4.11,카드,user_468
2023-06-28 05:06:05,2023-06-28 06:56:02,2023-06-28 06:43:58,배고팡,18.97,카드,user_318
2023-05-19 11:36:16,2023-05-19 12:44:47,2023-05-19 12:56:02,배달왕,3.41,앱결제,user_244
2023-02-23 12:40:02,2023-02-23 13:00:58,2023-02-23 13:22:59,여기여,2.6,현금,user_421
2023-05-04 21:11:27,2023-05-04 22:41:31,2023-05-04 21:55:09,배달왕,5.12,현금,user_465
2023-03-22 21:29:40,2023-03-22 23:03:46,2023-03-22 22:49:38,배고팡,4.88,카드,user_302
2023-01-29 14:16:42,2023-01-29 14:44:42,2023-01-29 14:36:57,여기여,0.59,현금,user_499
2023-06-07 02:44:43,2023-06-07 03:26:20,2023-06-07 03:47:59,배달왕,11.1,현금,user_382
2023-03-24 12:40:12,2023-03-24 14:26:24,2023-03-24 13:28:39,여기여,19.6,카드,user_368
2022-10-13 18:55:51,2022-10-13 20:09:40,2022-10-13 20:02:13,배달왕,18.87,현금,user_423
2023-06-14 14:33:46,2023-06-14 15:39:30,2023-06-14 15:44:05,여기여,9.67,현금,user_207
2023-06-11 22:57:21,2023-06-12 00:10:19,2023-06-11 23:58:13,배달왕,6.02,현금,user_292
2023-08-21 09:02:55,2023-08-21 09:41:04,2023-08-21 10:01:20,배달왕,17.02,현금,user_309
2022-12-08 21:10:51,2022-12-08 22:39:46,2022-12-08 21:39:27,여기여,15.32,현금,user_64
2023-01-14 00:25:05,2023-01-14 00:59:42,2023-01-14 01:22:30,배달왕,4.71,현금,user_16
2022-08-24 06:00:33,2022-08-24 07:22:37,2022-08-24 07:52:38,여기여,19.45,앱결제,user_320
2022-11-28 02:42:45,2022-11-28 04:20:07,2022-11-28 04:49:14,배달왕,19.37,현금,user_477
2023-07-25 05:38:32,2023-07-25 06:03:56,2023-07-25 06:07:53,배고팡,11.0,현금,user_172
2023-02-09 03:16:06,2023-02-09 04:05:50,2023-02-09 03:37:48,배달왕,10.16,현금,user_236
2023-05-10 03:58:29,2023-05-10 05:40:48,2023-05-10 05:46:22,배고팡,1.4,카드,user_396
2022-11-27 08:43:47,2022-11-27 10:22:15,2022-11-27 09:44:40,배달왕,5.49,앱결제,user_358
2023-02-13 10:52:55,2023-02-13 11:38:56,2023-02-13 11:30:00,배고팡,16.05,현금,user_385
2023-02-20 11:29:04,2023-02-20 12:54:37,2023-02-20 13:18:18,여기여,19.39,현금,user_324
2022-10-01 22:08:43,2022-10-01 23:22:46,2022-10-01 23:44:00,배고팡,8.09,현금,user_80
2023-04-21 06:51:21,2023-04-21 07:51:42,2023-04-21 07:18:56,배고팡,3.06,카드,user_477
2023-01-20 02:02:19,2023-01-20 03:43:34,2023-01-20 03:28:02,배고팡,1.87,앱결제,user_31
2023-04-14 17:58:29,2023-04-14 19:39:33,2023-04-14 18:33:35,배달왕,0.57,카드,user_373
2022-12-27 03:42:03,2022-12-27 05:08:47,2022-12-27 05:05:54,배고팡,1.9,앱결제,user_326
2023-03-05 00:38:16,2023-03-05 01:58:13,2023-03-05 01:23:19,배고팡,18.71,앱결제,user_133
2023-06-12 09:58:19,2023-06-12 11:02:59,2023-06-12 11:26:25,여기여,14.94,현금,user_211
2023-07-02 08:17:08,2023-07-02 09:50:21,2023-07-02 09:50:35,배달왕,7.42,앱결제,user_186
2023-08-14 03:47:30,2023-08-14 05:10:48,2023-08-14 04:11:05,여기여,12.63,앱결제,user_81
2023-02-19 09:42:16,2023-02-19 10:51:14,2023-02-19 10:26:47,배달왕,12.4,앱결제,user_308
2022-09-09 19:59:17,2022-09-09 21:47:30,2022-09-09 21:32:22,여기여,6.27,앱결제,user_185
2022-10-06 15:59:33,2022-10-06 17:06:21,2022-10-06 17:23:49,배달왕,15.28,카드,user_207
2023-01-09 07:16:00,2023-01-09 07:35:15,2023-01-09 07:53:47,배고팡,3.56,카드,user_335
2022-09-27 14:20:44,2022-09-27 16:10:35,2022-09-27 15:47:52,배고팡,10.61,앱결제,user_62
2022-09-16 09:49:08,2022-09-16 11:24:05,2022-09-16 11:20:27,배고팡,19.43,현금,user_211
2023-06-29 12:30:54,2023-06-29 13:38:27,2023-06-29 13:52:11,배고팡,18.52,카드,user_222
2023-06-15 21:31:58,2023-06-15 22:46:16,2023-06-15 23:11:17,배고팡,19.12,현금,user_85
2022-08-22 06:26:32,2022-08-22 07:47:21,2022-08-22 06:49:32,배달왕,8.27,카드,user_354
2022-10-25 18:05:51,2022-10-25 19:09:27,2022-10-25 18:40:23,배고팡,14.41,카드,user_445
2022-09-12 12:41:40,2022-09-12 14:10:41,2022-09-12 13:26:20,배고팡,6.79,앱결제,user_3
2023-02-21 22:18:16,2023-02-21 23:33:26,2023-02-21 23:03:45,여기여,1.08,현금,user_442
2023-06-14 00:57:00,2023-06-14 01:44:59,2023-06-14 01:21:13,여기여,1.28,현금,user_312
2023-05-14 18:17:13,2023-05-14 18:33:13,2023-05-14 18:48:19,배달왕,14.98,현금,user_177
2023-07-19 07:44:51,2023-07-19 09:10:31,2023-07-19 09:16:36,배고팡,18.84,현금,user_148
2023-04-13 21:28:52,2023-04-13 23:00:39,2023-04-13 22:49:45,배고팡,11.42,현금,user_389
2023-07-18 10:26:48,2023-07-18 11:56:05,2023-07-18 11:53:33,배고팡,6.02,현금,user_31
2023-01-23 20:55:16,2023-01-23 21:18:35,2023-01-23 21:20:24,여기여,15.36,앱결제,user_3
2023-04-03 15:45:28,2023-04-03 16:07:56,2023-04-03 16:07:24,배달왕,3.29,카드,user_331
2022-12-07 04:04:20,2022-12-07 05:19:57,2022-12-07 05:04:35,배달왕,7.48,앱결제,user_76
2022-12-30 21:14:55,2022-12-30 22:28:11,2022-12-30 22:16:17,배고팡,16.65,현금,user_490
2022-08-31 14:30:25,2022-08-31 15:23:21,2022-08-31 14:58:50,배달왕,10.64,카드,user_292
2023-02-22 02:58:17,2023-02-22 03:33:26,2023-02-22 03:21:56,배고팡,9.97,현금,user_267
2022-11-06 18:06:16,2022-11-06 18:22:36,2022-11-06 18:42:33,배달왕,16.78,카드,user_497
2022-10-29 01:13:00,2022-10-29 02:10:36,2022-10-29 01:50:35,배고팡,5.91,카드,user_433
2022-10-17 05:10:14,2022-10-17 06:48:10,2022-10-17 06:55:08,배달왕,16.77,카드,user_370
2023-08-13 10:01:43,2023-08-13 11:34:26,2023-08-13 11:06:08,여기여,4.21,카드,user_166
2022-09-21 00:29:27,2022-09-21 01:24:26,2022-09-21 00:49:44,배달왕,11.59,카드,user_257
2023-02-11 15:00:06,2023-02-11 16:42:46,2023-02-11 16:34:10,배달왕,2.98,앱결제,user_130
2023-01-21 21:44:15,2023-01-21 22:31:59,2023-01-21 22:54:11,여기여,5.82,카드,user_312
2022-11-05 00:36:46,2022-11-05 01:19:45,2022-11-05 00:56:52,여기여,2.3,현금,user_325
2022-11-25 13:00:08,2022-11-25 14:06:45,2022-11-25 13:50:39,배고팡,3.47,현금,user_369
2023-08-03 03:26:45,2023-08-03 05:01:16,2023-08-03 04:50:26,배고팡,12.62,카드,user_284
2023-05-22 18:03:03,2023-05-22 18:55:22,2023-05-22 19:24:44,배고팡,14.39,현금,user_210
2023-02-10 08:09:54,2023-02-10 09:57:25,2023-02-10 10:19:16,여기여,18.69,카드,user_131
2023-07-01 08:15:36,2023-07-01 09:00:23,2023-07-01 09:12:13,여기여,14.14,카드,user_134
2022-10-22 14:02:13,2022-10-22 15:36:25,2022-10-22 14:58:35,여기여,8.89,현금,user_305
2022-09-09 01:26:05,2022-09-09 02:03:58,2022-09-09 02:18:56,여기여,14.14,현금,user_348
2023-02-04 19:52:13,2023-02-04 21:20:54,2023-02-04 21:06:17,여기여,6.19,앱결제,user_469
2022-09-22 11:33:47,2022-09-22 12:50:08,2022-09-22 13:20:30,배고팡,15.73,카드,user_434
2023-02-23 23:28:53,2023-02-24 01:12:17,2023-02-24 01:25:51,여기여,18.71,현금,user_366
2023-05-11 12:51:57,2023-05-11 14:14:53,2023-05-11 13:23:07,여기여,0.79,카드,user_167
2022-10-13 00:32:57,2022-10-13 01:06:40,2022-10-13 01:10:39,여기여,5.22,현금,user_67
2023-03-08 01:06:49,2023-03-08 02:28:59,2023-03-08 02:33:22,배고팡,14.03,현금,user_358
2023-03-26 01:13:25,2023-03-26 02:31:44,2023-03-26 02:17:25,여기여,10.31,앱결제,user_98
2023-03-19 11:00:07,2023-03-19 11:34:09,2023-03-19 11:35:26,여기여,7.94,앱결제,user_273
2022-08-24 13:28:14,2022-08-24 14:16:07,2022-08-24 14:32:37,배고팡,11.24,현금,user_372
2023-04-12 18:04:35,2023-04-12 19:08:56,2023-04-12 18:35:08,배달왕,8.8,카드,user_12
2023-07-20 11:27:38,2023-07-20 13:05:16,2023-07-20 13:00:16,배달왕,16.11,카드,user_338
2023-04-12 19:23:15,2023-04-12 20:00:17,2023-04-12 20:00:55,여기여,1.02,현금,user_328
2023-08-18 21:11:00,2023-08-18 21:46:30,2023-08-18 21:41:16,여기여,14.49,앱결제,user_116
2023-04-03 07:09:31,2023-04-03 07:36:36,2023-04-03 07:49:45,배달왕,19.44,앱결제,user_498
2022-11-17 23:33:15,2022-11-18 00:43:55,2022-11-18 00:44:30,배달왕,7.23,앱결제,user_91
2023-01-17 15:42:56,2023-01-17 16:40:29,2023-01-17 16:53:19,여기여,2.18,카드,user_21
2022-11-02 22:51:56,2022-11-03 00:23:30,2022-11-03 00:16:20,여기여,19.88,앱결제,user_290
2023-03-10 20:37:01,2023-03-10 21:14:51,2023-03-10 21:39:46,여기여,17.67,앱결제,user_170
2023-04-10 02:49:55,2023-04-10 04:34:20,2023-04-10 03:33:14,배고팡,11.38,카드,user_13
2023-06-18 06:33:51,2023-06-18 07:48:43,2023-06-18 07:58:49,여기여,16.84,카드,user_204
2023-07-14 22:16:54,2023-07-14 23:41:36,2023-07-14 23:49:51,배고팡,18.62,카드,user_180
2022-11-04 02:38:37,2022-11-04 03:02:53,2022-11-04 03:15:20,여기여,11.39,현금,user_61
2023-05-01 00:10:20,2023-05-01 01:17:27,2023-05-01 01:09:42,배고팡,19.42,카드,user_28
2023-01-10 08:43:37,2023-01-10 10:32:01,2023-01-10 10:31:49,여기여,7.78,현금,user_288
2022-09-24 08:24:50,2022-09-24 09:29:31,2022-09-24 09:46:37,배달왕,11.75,카드,user_418
2023-04-23 07:47:26,2023-04-23 09:36:00,2023-04-23 09:17:41,배달왕,0.95,앱결제,user_332
2023-03-06 02:36:27,2023-03-06 03:54:45,2023-03-06 03:01:09,배달왕,11.27,카드,user_151
2023-01-31 18:50:42,2023-01-31 19:19:13,2023-01-31 19:12:44,배고팡,9.98,현금,user_193
2023-03-08 03:22:15,2023-03-08 04:13:21,2023-03-08 04:28:41,여기여,4.19,카드,user_253
2023-01-19 20:26:51,2023-01-19 22:01:24,2023-01-19 22:29:57,배고팡,2.54,현금,user_339
2022-12-09 15:59:40,2022-12-09 17:25:46,2022-12-09 17:34:49,배달왕,2.94,카드,user_439
2023-01-13 22:55:53,2023-01-14 00:14:43,2023-01-13 23:22:24,배달왕,4.71,카드,user_357
2023-04-29 17:22:14,2023-04-29 18:48:42,2023-04-29 18:18:32,배고팡,1.53,앱결제,user_284
2022-12-20 16:15:15,2022-12-20 17:09:55,2022-12-20 16:52:53,배달왕,12.7,앱결제,user_117
2023-05-29 11:00:55,2023-05-29 12:14:28,2023-05-29 11:31:07,배달왕,12.54,카드,user_86
2022-12-30 07:16:16,2022-12-30 08:25:26,2022-12-30 07:43:40,배달왕,4.76,카드,user_262
2023-03-02 20:53:01,2023-03-02 22:28:57,2023-03-02 21:40:13,여기여,18.07,앱결제,user_55
2023-01-07 08:07:49,2023-01-07 08:43:30,2023-01-07 08:45:20,배달왕,15.43,현금,user_183
2022-11-30 09:57:30,2022-11-30 11:13:11,2022-11-30 11:24:48,배달왕,4.31,앱결제,user_281
2022-08-29 14:49:45,2022-08-29 15:26:22,2022-08-29 15:51:27,여기여,3.84,앱결제,user_287
2023-06-03 00:40:53,2023-06-03 01:51:54,2023-06-03 02:10:46,여기여,6.45,카드,user_36
2023-06-02 02:20:46,2023-06-02 03:04:59,2023-06-02 03:21:19,배달왕,16.2,앱결제,user_451
2022-11-18 11:31:28,2022-11-18 12:11:55,2022-11-18 11:55:01,배달왕,11.76,현금,user_478
2023-03-23 00:21:36,2023-03-23 00:43:08,2023-03-23 01:11:42,배고팡,4.52,현금,user_431
2023-06-24 18:36:12,2023-06-24 19:10:28,2023-06-24 19:05:47,여기여,15.42,카드,user_145
2023-01-07 09:04:42,2023-01-07 10:12:00,2023-01-07 09:49:09,배고팡,9.69,현금,user_162
2022-10-20 17:43:59,2022-10-20 19:22:49,2022-10-20 19:18:47,배달왕,14.71,앱결제,user_316
2023-04-27 17:20:55,2023-04-27 18:15:51,2023-04-27 17:56:36,배달왕,0.99,앱결제,user_6
2023-05-17 23:56:53,2023-05-18 01:33:45,2023-05-18 01:27:41,배달왕,12.84,현금,user_64
2022-09-13 20:44:00,2022-09-13 21:21:03,2022-09-13 21:44:44,여기여,1.8,현금,user_411
2022-11-27 03:38:34,2022-11-27 04:41:10,2022-11-27 04:11:14,배달왕,10.74,앱결제,user_142
2022-12-22 08:07:39,2022-12-22 08:49:43,2022-12-22 09:12:32,배고팡,18.93,카드,user_4
2022-09-17 10:41:56,2022-09-17 12:21:34,2022-09-17 12:04:33,여기여,16.02,카드,user_369
2023-02-24 17:02:36,2023-02-24 17:23:17,2023-02-24 17:46:43,배달왕,9.15,앱결제,user_137
2022-09-07 02:32:18,2022-09-07 03:42:08,2022-09-07 03:05:27,여기여,6.03,현금,user_352
2022-10-08 21:58:02,2022-10-08 22:15:47,2022-10-08 22:28:16,여기여,17.16,현금,user_479
2022-12-26 02:40:00,2022-12-26 04:15:50,2022-12-26 03:13:14,여기여,14.2,앱결제,user_323
2022-12-25 20:34:42,2022-12-25 21:13:33,2022-12-25 21:20:58,배고팡,15.66,현금,user_486
2022-08-27 10:27:04,2022-08-27 11:25:55,2022-08-27 11:37:25,배달왕,14.15,현금,user_46
2023-06-27 11:56:11,2023-06-27 13:38:47,2023-06-27 13:01:36,배고팡,15.24,현금,user_487
2022-12-24 21:13:30,2022-12-24 22:19:08,2022-12-24 22:21:50,배고팡,9.08,앱결제,user_430
2023-07-13 06:34:37,2023-07-13 08:20:52,2023-07-13 08:50:24,배달왕,0.86,현금,user_314
2022-09-14 23:58:36,2022-09-15 00:57:58,2022-09-15 00:37:25,여기여,19.37,현금,user_192
2022-09-29 00:02:56,2022-09-29 00:25:27,2022-09-29 00:28:56,여기여,11.05,현금,user_130
2022-09-14 16:14:06,2022-09-14 16:45:55,2022-09-14 17:01:00,여기여,9.76,카드,user_85
2023-06-07 12:11:36,2023-06-07 12:44:00,2023-06-07 12:58:54,배고팡,14.48,카드,user_383
2023-05-23 10:24:23,2023-05-23 11:49:40,2023-05-23 11:07:17,배고팡,15.43,카드,user_299
2023-05-14 16:42:35,2023-05-14 18:24:05,2023-05-14 17:47:09,배고팡,19.24,현금,user_113
2023-06-10 20:54:40,2023-06-10 22:25:41,2023-06-10 22:09:18,배고팡,5.14,앱결제,user_349
2023-08-02 02:12:22,2023-08-02 03:21:51,2023-08-02 03:33:42,여기여,17.56,현금,user_303
2023-05-14 22:50:47,2023-05-15 00:36:00,2023-05-14 23:19:43,여기여,8.65,현금,user_80
2022-12-18 01:41:18,2022-12-18 03:06:00,2022-12-18 03:33:14,배달왕,6.73,카드,user_249
2023-03-21 07:21:06,2023-03-21 07:47:37,2023-03-21 07:54:11,배달왕,19.92,앱결제,user_459
2022-10-24 03:23:28,2022-10-24 03:47:07,2022-10-24 03:59:25,여기여,1.72,카드,user_118
2022-10-07 16:53:47,2022-10-07 17:14:47,2022-10-07 17:32:25,배달왕,15.83,현금,user_136
2023-01-15 01:14:43,2023-01-15 02:26:32,2023-01-15 02:42:33,배달왕,17.24,앱결제,user_19
2023-03-11 22:00:15,2023-03-11 22:17:56,2023-03-11 22:32:45,여기여,16.95,현금,user_68
2023-03-09 15:14:42,2023-03-09 15:37:38,2023-03-09 15:38:54,여기여,18.75,카드,user_338
2023-07-08 06:48:52,2023-07-08 07:46:10,2023-07-08 08:12:13,배달왕,13.72,현금,user_418
2023-08-08 14:00:56,2023-08-08 14:49:32,2023-08-08 15:05:37,배고팡,14.75,앱결제,user_500
2023-03-20 03:31:09,2023-03-20 04:20:26,2023-03-20 04:17:42,배고팡,2.04,앱결제,user_383
2022-11-25 22:27:28,2022-11-25 22:53:02,2022-11-25 22:53:30,배달왕,11.05,카드,user_319
2023-01-12 21:48:54,2023-01-12 22:11:04,2023-01-12 22:26:44,배달왕,15.83,카드,user_211
2023-05-12 10:57:33,2023-05-12 11:52:37,2023-05-12 11:45:24,여기여,16.61,카드,user_20
2022-10-30 09:28:26,2022-10-30 10:12:58,2022-10-30 10:07:56,배달왕,15.6,카드,user_441
2022-12-14 09:55:34,2022-12-14 10:56:29,2022-12-14 10:19:23,여기여,6.04,현금,user_359
2023-07-11 06:43:40,2023-07-11 08:13:58,2023-07-11 07:34:15,배고팡,5.99,카드,user_353
2023-05-21 07:41:02,2023-05-21 08:52:20,2023-05-21 08:58:33,배달왕,7.64,카드,user_457
2022-12-26 12:44:51,2022-12-26 14:30:20,2022-12-26 14:57:07,여기여,18.44,현금,user_390
2023-04-08 18:14:49,2023-04-08 19:11:49,2023-04-08 19:12:33,배달왕,7.84,현금,user_89
2023-07-28 19:39:14,2023-07-28 21:20:53,2023-07-28 21:30:54,배고팡,12.54,카드,user_107
2023-02-22 05:45:04,2023-02-22 07:02:22,2023-02-22 06:31:15,배달왕,4.25,카드,user_494
2023-03-09 13:31:10,2023-03-09 14:58:17,2023-03-09 15:14:17,배고팡,10.07,현금,user_196
2023-05-01 03:32:46,2023-05-01 04:12:58,2023-05-01 04:35:46,배고팡,6.19,앱결제,user_275
2023-02-04 08:10:15,2023-02-04 09:08:50,2023-02-04 09:20:40,배달왕,1.34,카드,user_243
2023-01-03 19:38:33,2023-01-03 21:02:43,2023-01-03 21:29:27,배고팡,5.65,카드,user_293
2022-10-05 01:57:28,2022-10-05 03:07:18,2022-10-05 02:23:11,배고팡,11.89,카드,user_412
2023-02-20 11:12:24,2023-02-20 12:40:39,2023-02-20 13:03:26,여기여,2.7,앱결제,user_11
2022-10-11 03:52:24,2022-10-11 05:19:07,2022-10-11 04:39:22,배고팡,7.82,앱결제,user_228
2022-12-25 23:03:55,2022-12-25 23:29:55,2022-12-25 23:31:52,배달왕,10.75,현금,user_31
2023-07-30 17:17:52,2023-07-30 18:10:21,2023-07-30 18:34:32,여기여,10.09,현금,user_77
2023-04-05 23:48:57,2023-04-06 00:54:07,2023-04-06 01:07:59,배달왕,3.95,카드,user_326
2022-11-11 23:02:48,2022-11-12 00:17:36,2022-11-12 00:30:26,배달왕,17.76,앱결제,user_434
2023-05-09 18:19:12,2023-05-09 20:03:41,2023-05-09 19:54:51,여기여,12.84,앱결제,user_428
2023-04-08 16:15:00,2023-04-08 17:29:28,2023-04-08 17:16:07,배고팡,6.58,현금,user_383
2022-09-27 15:02:17,2022-09-27 16:37:48,2022-09-27 15:42:38,배고팡,16.42,현금,user_398
2022-10-27 20:33:33,2022-10-27 21:15:55,2022-10-27 21:03:59,여기여,12.65,카드,user_397
2023-02-18 03:11:27,2023-02-18 04:20:07,2023-02-18 04:03:33,배고팡,8.56,카드,user_75
2023-02-03 01:38:55,2023-02-03 03:17:14,2023-02-03 03:42:56,배고팡,3.92,현금,user_477
2023-05-25 12:28:50,2023-05-25 13:44:45,2023-05-25 13:33:05,배달왕,17.5,앱결제,user_20
2022-11-07 09:18:26,2022-11-07 09:49:12,2022-11-07 09:55:38,배고팡,9.63,앱결제,user_46
2022-09-26 08:23:31,2022-09-26 09:25:42,2022-09-26 09:13:53,배달왕,1.91,앱결제,user_412
2022-09-26 08:54:04,2022-09-26 09:51:38,2022-09-26 10:20:48,여기여,2.22,앱결제,user_279
2022-11-27 09:58:21,2022-11-27 10:57:50,2022-11-27 11:02:13,배고팡,11.12,카드,user_451
2022-09-13 03:25:33,2022-09-13 04:44:33,2022-09-13 03:49:12,배고팡,0.92,카드,user_347
2022-10-24 09:40:46,2022-10-24 11:02:16,2022-10-24 11:07:43,배고팡,1.34,카드,user_81
2023-01-25 02:39:41,2023-01-25 04:10:54,2023-01-25 03:27:17,배달왕,10.29,앱결제,user_157
2022-09-29 13:00:16,2022-09-29 14:11:14,2022-09-29 13:56:56,배고팡,7.33,카드,user_448
2022-10-30 10:41:42,2022-10-30 12:15:34,2022-10-30 11:26:01,배고팡,15.65,카드,user_127
2023-06-09 09:37:13,2023-06-09 10:33:03,2023-06-09 10:05:03,여기여,17.43,앱결제,user_377
2023-04-03 02:42:02,2023-04-03 04:16:58,2023-04-03 04:05:58,배달왕,13.96,현금,user_132
2023-05-10 10:02:08,2023-05-10 11:15:46,2023-05-10 11:01:33,배달왕,2.93,카드,user_309
2023-06-28 08:15:39,2023-06-28 09:11:50,2023-06-28 09:32:02,여기여,15.04,카드,user_15
2023-03-12 14:53:55,2023-03-12 16:25:28,2023-03-12 15:17:14,배달왕,4.96,카드,user_177
2023-04-10 22:50:18,2023-04-10 23:18:55,2023-04-10 23:17:30,배고팡,15.7,카드,user_3
2022-09-07 12:02:51,2022-09-07 12:22:15,2022-09-07 12:28:03,배고팡,15.48,카드,user_153
2022-08-24 05:32:58,2022-08-24 06:32:23,2022-08-24 06:20:02,여기여,11.47,카드,user_375
2023-01-26 14:44:13,2023-01-26 16:10:45,2023-01-26 15:24:06,배달왕,4.8,앱결제,user_245
2022-11-18 17:24:02,2022-11-18 18:16:13,2022-11-18 18:28:06,배달왕,4.69,현금,user_374
2023-07-19 06:12:10,2023-07-19 07:34:48,2023-07-19 06:43:12,배달왕,10.55,현금,user_187
2023-07-08 12:45:17,2023-07-08 13:58:27,2023-07-08 14:23:47,배고팡,1.6,카드,user_322
2022-12-17 15:29:28,2022-12-17 16:21:01,2022-12-17 16:31:10,배달왕,15.52,현금,user_383
2023-01-29 18:05:42,2023-01-29 18:38:20,2023-01-29 18:57:55,배달왕,19.31,현금,user_406
2022-11-16 17:55:32,2022-11-16 19:10:09,2022-11-16 18:22:35,여기여,8.46,앱결제,user_12
2023-08-10 23:35:50,2023-08-11 00:43:23,2023-08-11 00:23:15,배고팡,7.59,카드,user_303
2023-04-18 23:37:49,2023-04-19 00:14:54,2023-04-19 00:27:02,배달왕,19.52,앱결제,user_75
2023-06-19 03:11:14,2023-06-19 04:35:57,2023-06-19 03:55:12,배달왕,7.96,현금,user_218
2022-10-13 06:42:30,2022-10-13 07:05:58,2022-10-13 07:03:54,여기여,3.73,현금,user_234
2023-03-08 10:51:00,2023-03-08 12:29:03,2023-03-08 11:54:56,배고팡,17.21,현금,user_311
2023-03-10 23:38:07,2023-03-11 00:32:53,2023-03-11 00:35:14,여기여,5.03,앱결제,user_263
2023-01-14 06:39:33,2023-01-14 07:37:43,2023-01-14 08:04:18,배고팡,15.2,현금,user_492
2023-06-23 21:07:25,2023-06-23 22:21:26,2023-06-23 22:44:11,배달왕,10.3,카드,user_369
2022-09-28 21:47:52,2022-09-28 22:31:33,2022-09-28 22:25:48,여기여,10.8,앱결제,user_469
2023-03-15 20:57:13,2023-03-15 21:39:48,2023-03-15 21:24:23,배고팡,12.52,카드,user_85
2023-06-03 19:47:25,2023-06-03 21:11:59,2023-06-03 21:31:58,배달왕,2.72,현금,user_132
2022-10-08 14:55:02,2022-10-08 16:01:08,2022-10-08 15:31:19,여기여,14.24,카드,user_207
2022-10-01 14:01:58,2022-10-01 14:51:13,2022-10-01 14:55:00,여기여,16.4,현금,user_252
2023-05-05 01:38:56,2023-05-05 02:44:41,2023-05-05 02:11:34,여기여,8.86,현금,user_378
2022-12-23 22:43:48,2022-12-24 00:09:23,2022-12-24 00:00:04,배달왕,5.95,앱결제,user_348
2022-09-18 06:21:27,2022-09-18 07:34:52,2022-09-18 06:55:28,배달왕,16.87,현금,user_181
2023-08-13 17:53:20,2023-08-13 18:43:32,2023-08-13 18:43:52,여기여,6.96,현금,user_216
2023-02-08 12:09:03,2023-02-08 13:24:56,2023-02-08 13:28:54,여기여,12.97,현금,user_418
2022-10-10 03:13:30,2022-10-10 04:13:48,2022-10-10 04:15:37,배고팡,1.79,현금,user_186
2023-02-03 12:47:19,2023-02-03 13:11:46,2023-02-03 13:12:57,배고팡,15.55,카드,user_239
2023-01-05 21:28:58,2023-01-05 21:57:41,2023-01-05 21:57:44,배고팡,8.33,현금,user_264
2023-06-15 03:56:42,2023-06-15 04:14:24,2023-06-15 04:18:38,여기여,8.2,앱결제,user_229
2023-08-02 20:53:53,2023-08-02 22:04:06,2023-08-02 22:09:22,여기여,5.33,카드,user_148
