ID,Reached.on.Time_Y.N
8440,1
10849,0
9478,1
2968,1
6964,0
7202,1
10869,0
1444,1
9311,0
4849,0
3058,1
6048,0
9444,0
8210,0
824,1
8245,0
9534,0
1692,1
2570,1
7181,1
8710,0
8349,0
2787,1
6521,1
2764,1
4572,0
9813,0
4213,0
10333,1
5471,1
3336,1
8696,0
1544,1
10557,0
9122,0
10234,0
2009,1
7803,1
2520,1
6332,0
10335,0
262,1
7931,1
1458,1
7591,1
9986,1
6956,1
6788,1
177,1
5585,0
4881,1
3764,1
2077,1
9543,0
2167,1
10145,0
10722,0
1503,1
74,1
10396,1
1567,1
4822,1
7316,0
5692,0
7656,1
1046,1
1551,1
8992,0
5955,0
814,1
10238,0
5646,0
10209,0
10575,1
9548,1
9331,1
6997,0
3836,0
661,1
10400,0
4855,0
8370,1
4515,1
1211,1
1729,1
876,1
6295,0
1587,1
974,1
9140,1
9130,1
9786,0
6200,1
561,1
3444,0
10851,0
3736,0
965,1
899,1
3377,1
4523,1
1118,1
8317,0
1987,1
6210,1
10173,0
8027,0
10187,0
1802,1
8170,1
3105,1
3543,1
6013,0
5401,0
9573,0
194,1
10558,0
1469,1
5847,1
1677,1
4564,1
2316,1
10937,1
8925,0
945,1
6426,0
9116,0
10025,1
980,1
5014,0
10986,1
4339,1
912,1
4178,1
4471,0
9294,0
1145,1
4390,1
4189,1
7302,1
9759,0
8402,0
3877,0
10355,0
905,1
5633,0
6747,0
3826,0
4437,0
6556,0
3040,1
794,1
5370,0
3276,1
10785,0
9183,0
631,1
7862,0
9173,1
9339,1
1926,1
2816,1
3031,1
8018,1
9775,1
3548,1
5161,0
7213,1
4744,0
604,1
2409,1
2653,1
10663,0
10159,1
4503,0
7697,0
10040,1
6387,1
1856,1
5425,1
3,1
1088,1
1133,1
2255,1
4898,0
5422,0
26,1
3323,1
6883,1
1783,1
7162,0
4944,0
7025,1
5070,1
256,1
10863,0
6479,1
7333,1
8948,0
10927,0
5261,1
10646,1
9488,1
6960,0
9536,1
6510,0
4742,0
5874,0
2541,1
477,1
163,1
7350,1
6430,1
9635,1
6868,1
2085,1
3408,0
6020,0
1235,1
8338,0
10919,0
4866,0
7548,1
9841,1
1653,1
10108,0
1704,1
4026,1
99,1
2741,1
6830,0
1176,1
5558,0
9731,1
5928,0
10120,0
7199,1
5031,1
10112,0
6444,0
2031,1
3879,0
4916,0
7788,1
4746,0
7038,0
5903,1
6400,1
678,1
2535,1
3300,0
2257,1
4496,1
10596,0
1420,1
9477,0
487,1
2400,1
4331,1
10204,1
5010,0
10207,0
10123,1
8689,0
3036,1
6805,0
9514,1
1293,1
897,1
3470,1
3569,0
5513,1
5329,0
9037,0
976,1
983,1
9313,0
6826,1
4456,0
1961,1
4662,0
2323,1
6626,0
9860,1
5111,1
5372,1
181,1
9501,0
10133,0
10244,1
3867,0
1971,1
3121,1
5419,0
3806,0
1938,1
213,1
7851,0
4597,1
2614,1
5574,1
7474,1
10056,1
3692,1
1481,1
355,1
1988,1
2418,1
3420,1
5785,1
4583,1
3012,1
10406,0
5044,1
5541,0
5770,1
7593,1
4669,0
9851,1
5307,1
4002,0
4740,0
8951,0
8767,0
9165,0
3562,1
5977,0
6180,1
5321,0
2140,1
4203,0
6057,0
10362,0
734,1
3790,0
1416,1
9644,0
10371,1
6262,1
5265,1
5976,0
1372,1
5723,1
8517,0
2512,1
6206,1
1901,1
5316,1
6515,1
6672,1
193,1
9065,0
4376,0
5002,1
9957,1
7480,0
9952,0
1083,1
6542,0
959,1
5340,0
8389,0
8625,0
7033,1
5473,1
8977,0
10852,1
971,1
3354,0
5222,0
6938,1
6618,0
8520,0
648,1
680,1
6354,0
7117,1
8373,0
9254,0
4320,0
7380,0
6199,1
5818,0
6182,1
6958,1
866,1
466,1
103,1
3974,1
7416,1
6921,0
10627,0
8159,0
6932,1
9252,0
4343,1
10277,1
315,1
4009,0
9489,0
764,1
4359,1
2039,1
4037,1
2317,1
9692,1
10506,0
5306,1
10000,0
8588,1
7818,1
7485,0
4316,1
6092,1
7976,0
1779,1
3887,0
2839,1
6235,1
6649,0
8401,0
8792,0
9021,0
3379,0
3528,0
10219,1
9591,0
6595,0
1227,1
6003,0
6575,1
3343,1
5759,0
8037,1
9024,1
5153,0
6100,1
8830,1
1363,1
7024,1
3308,0
10415,1
6225,1
4266,1
9055,1
409,1
6421,0
9685,0
4287,1
3999,0
3137,0
2175,1
5387,0
5642,0
7946,0
10430,1
6662,0
8889,0
420,1
1983,1
1607,1
902,1
585,1
6103,1
524,1
4194,1
1142,1
255,1
8554,0
1732,1
2392,1
9946,0
6757,1
4629,0
6879,1
484,1
5045,0
9729,0
3320,0
6636,0
10603,0
2888,1
5179,0
7667,0
8565,1
4393,1
4307,0
6434,1
9609,0
50,1
914,1
9088,0
7095,0
4276,1
7810,1
7924,1
2417,1
2075,1
1635,1
4255,1
4905,0
10368,0
2163,1
5065,0
1910,1
89,1
1705,1
5888,0
2297,1
3765,0
309,1
7357,0
4934,1
10654,1
3486,0
7641,1
5281,1
8393,0
8034,1
7439,0
2627,1
2071,1
10792,1
6240,1
5817,0
4551,1
7080,1
10955,1
10154,1
7518,1
2504,1
2858,1
4325,1
4465,1
2366,1
7141,0
7410,1
8487,1
9556,0
7510,1
2505,1
5053,1
4230,1
8723,0
5991,0
6044,1
10029,1
7967,1
7343,0
2835,1
5191,0
4423,0
608,1
10373,1
3676,0
1407,1
7499,1
2460,1
2609,1
333,1
6260,1
3708,0
1128,1
9954,0
4592,1
9678,0
7746,1
9099,0
1483,1
5668,0
6948,0
2529,1
5346,1
8502,0
2686,1
629,1
180,1
9648,0
7126,0
4357,0
7067,0
10839,0
6313,0
6124,1
1519,1
10168,1
10210,1
6497,0
4275,0
10242,0
2155,1
1845,1
9645,0
1081,1
8753,0
2399,1
9078,0
1186,1
8931,1
6661,0
7597,1
7592,0
7282,1
1685,1
2940,1
2046,1
4579,1
4448,0
864,1
369,1
5030,1
6263,1
954,1
10685,0
2072,1
7624,1
4719,0
10194,1
733,1
10977,0
6769,0
10273,0
9393,0
10690,0
5154,0
4826,1
7262,1
5842,1
2492,1
7742,1
5961,1
4236,1
2147,1
6257,1
5460,0
3891,1
8362,0
3973,0
3232,0
844,1
2465,1
9081,1
7852,1
6355,0
1645,1
5099,1
7273,0
895,1
8059,0
2870,1
7226,1
8359,0
7556,1
6790,0
7771,0
8419,1
995,1
5200,1
2360,1
5405,1
10438,0
4887,0
9289,0
9997,0
4895,0
8259,0
400,1
718,1
2056,1
3844,0
10929,0
1497,1
3618,0
5911,1
1897,1
5824,1
2384,1
8933,0
7187,0
6817,0
3700,0
9789,0
560,1
10169,0
3576,1
7539,0
3406,0
3009,1
789,1
3234,0
8841,0
7334,0
3603,1
6323,0
7007,0
5636,0
3570,0
7017,0
5476,0
9908,0
3022,1
6019,0
5556,0
7204,0
10931,0
2782,1
9457,1
8515,1
3479,1
10862,1
9152,1
1217,1
2441,1
3380,1
1651,1
4475,1
714,1
6814,0
10254,0
10783,1
7866,0
6233,0
3961,0
545,1
9366,0
8377,0
5506,1
4429,1
7473,1
978,1
5565,1
37,1
238,1
9785,0
7100,0
6337,1
8651,1
10983,1
8209,0
4561,0
3928,1
5368,0
3134,1
6247,0
3664,0
1167,1
3008,1
8692,0
1275,1
8222,0
6905,0
3397,0
5214,1
6042,0
5672,1
1911,1
2334,1
9290,0
1256,1
5264,1
6196,0
1724,1
8600,0
9884,0
8076,0
4080,0
5750,0
8864,0
8980,1
3429,0
10728,1
4937,1
2364,1
5000,0
9760,0
8403,0
6054,1
6446,1
7294,0
3225,0
8826,1
4657,1
2149,1
4565,0
6198,0
4192,1
1791,1
7026,1
6819,1
4830,0
293,1
3786,0
8456,0
2987,1
9982,0
7824,1
4856,0
9157,1
8032,0
6351,0
9447,1
8292,0
2696,1
6081,1
9877,0
9614,0
7326,0
7217,0
5467,0
3132,1
225,1
1946,1
4715,1
1872,1
4450,1
494,1
8234,0
4941,1
469,1
5644,1
1964,1
3642,1
3196,1
5678,0
146,1
512,1
7043,0
8645,1
7163,1
3954,0
6584,0
6030,1
2214,1
10891,1
280,1
142,1
7949,0
10874,0
8720,1
771,1
286,1
8921,0
4207,1
1874,1
8408,1
2613,1
9038,1
10488,0
3712,1
1582,1
2584,1
9582,0
4841,1
6930,1
419,1
869,1
1150,1
5927,0
7757,1
2814,1
6303,0
4757,1
4726,0
1260,1
9819,1
9367,1
5066,0
3763,1
3788,0
7536,0
2710,1
5005,1
7842,1
2547,1
725,1
6051,0
9647,0
6740,1
8087,0
9436,0
9329,0
1297,1
1718,1
9090,0
189,1
9280,0
7784,0
8762,0
22,1
831,1
1418,1
9576,1
3190,1
9100,1
5551,1
7079,0
7567,1
2734,1
3163,0
10726,1
3744,0
4119,0
10810,1
1529,1
2867,1
8544,0
1352,1
10429,0
10200,1
6922,0
7880,1
568,1
7786,0
3247,1
8367,0
5152,0
3751,0
1053,1
3172,1
9181,0
1321,1
2873,1
2818,1
446,1
4874,1
7587,0
2034,1
4476,0
10132,1
5853,0
9793,1
7724,1
7492,1
9680,1
1396,1
3798,1
1365,1
6890,1
42,1
3771,0
785,1
5762,1
8374,0
5416,1
3690,1
792,1
3595,0
54,1
3238,0
1184,1
6513,1
9054,0
1764,1
3116,1
6305,0
8147,1
8231,1
5234,1
8112,0
339,1
4121,0
3284,0
4871,0
7549,1
5062,0
5803,0
5743,1
6334,0
2941,1
2284,1
4684,0
8003,0
4352,0
1385,1
2802,1
1055,1
6509,0
705,1
4622,1
4953,0
5873,0
4903,1
3813,1
8603,0
1255,1
4455,1
3693,1
472,1
9681,0
2286,1
5731,0
7457,1
4270,1
10341,1
9799,0
8983,0
1093,1
1402,1
2485,1
5477,1
10437,0
1974,1
9774,0
2914,1
555,1
8279,1
4570,1
3684,1
9476,0
7509,0
9423,0
9265,0
244,1
285,1
9496,0
7856,1
5960,1
9728,0
7516,0
10198,0
3165,1
4105,0
2144,1
7988,0
1570,1
7364,0
10103,0
4763,0
8288,1
3926,0
6526,1
510,1
2637,1
21,1
2779,1
1882,1
2480,1
9216,0
10469,1
784,1
7629,0
4894,0
6588,1
10842,1
9105,0
7118,0
7198,0
1829,1
4764,0
3432,0
10625,0
7571,1
10703,0
1532,1
9698,0
10505,0
10079,1
7958,0
6622,1
6712,1
10947,1
6358,0
7069,0
1678,1
4557,0
3628,0
3499,0
5192,0
3761,0
4462,1
7698,1
8831,1
1002,1
8752,0
6265,1
10696,1
5087,1
5780,1
788,1
767,1
1796,1
8733,1
2751,1
1778,1
2100,1
5445,0
8190,0
19,1
7179,1
8379,0
1878,1
4054,0
5613,0
7168,0
3312,0
1390,1
4486,1
8953,0
10590,1
2633,1
5611,0
5978,0
1223,1
4729,1
8488,1
9047,0
3171,1
8622,1
1535,1
7064,1
3827,0
4327,1
197,1
10973,1
6406,0
7422,0
2126,1
1737,1
6915,0
7524,1
7910,0
10436,0
5774,1
9751,0
5347,0
10708,0
3504,0
10160,1
7261,1
1990,1
8100,1
2160,1
6249,0
7602,1
10768,0
10600,0
8703,1
1757,1
5637,0
279,1
3754,0
9394,1
5108,1
6127,0
2435,1
9117,1
6946,0
724,1
6729,0
6222,0
9382,1
7930,0
6691,0
4676,1
4768,0
241,1
9430,0
5725,1
4186,1
215,1
856,1
3547,1
4962,0
10060,1
268,1
2022,1
9223,1
681,1
8036,1
387,1
5158,0
5048,0
5106,1
9529,1
8609,0
184,1
8438,0
4694,0
8618,0
2431,1
7790,0
4708,0
8855,1
968,1
7325,0
3306,0
3598,1
8329,0
989,1
3107,1
4952,0
8581,0
10006,0
7000,1
7319,0
5738,0
1537,1
3168,1
759,1
3451,0
3561,1
10087,0
2882,1
2103,1
10153,1
9800,0
8635,0
6550,1
6383,0
3816,1
8092,0
5315,1
7918,0
923,1
7992,1
6407,1
4185,1
10979,0
9915,1
917,1
871,1
7096,1
9108,1
10191,1
9868,1
8957,0
8355,1
3463,0
10589,0
514,1
7306,0
90,1
3038,1
6573,1
1107,1
3860,0
2680,1
1151,1
5103,0
1822,1
8968,0
3120,1
10014,0
4405,1
7722,1
1970,1
4969,0
6008,0
5527,0
1121,1
1091,1
2926,1
1841,1
3198,0
6583,0
7242,1
2011,1
4832,1
1152,1
6412,0
5204,0
10163,1
9670,1
1751,1
6687,1
6591,1
2955,1
5602,0
5480,1
1739,1
5126,0
4919,1
2382,1
10791,0
4243,0
10834,0
3460,1
3910,0
6187,0
777,1
5036,0
7622,0
1196,1
4921,1
3025,1
2120,1
583,1
360,1
1197,1
109,1
3006,1
441,1
9797,0
1559,1
4469,0
2610,1
1920,1
2804,1
10812,1
5492,0
7271,0
47,1
6391,1
7620,0
4505,1
7781,0
2442,1
431,1
5879,0
1682,1
8342,0
4071,1
7086,0
6398,1
8893,0
3812,0
9307,0
3849,0
7503,1
4279,0
3832,1
6309,1
3889,0
4250,0
5275,1
2017,1
6015,0
926,1
2230,1
9305,1
3015,1
9974,0
6171,1
10216,0
150,1
6870,1
278,1
609,1
10818,1
8241,1
10193,0
935,1
1619,1
3294,0
5917,0
3133,1
8644,1
10424,1
3850,1
3241,1
8934,0
5169,0
7446,0
7354,0
3534,1
1934,1
1077,1
2173,1
5431,0
7072,0
1119,1
9026,0
5288,1
1629,1
3170,0
10757,0
8861,1
8141,0
6760,1
6949,0
9341,0
10262,1
7022,1
9185,1
880,1
1001,1
4103,1
9007,1
4717,0
10976,0
2704,1
4438,0
4183,0
9903,1
2305,1
4671,0
8169,0
595,1
9564,1
7356,0
9885,0
1513,1
9180,1
4526,1
4006,1
7568,1
302,1
1084,1
3355,0
7986,0
5925,1
6288,0
4703,0
10624,1
6642,1
1143,1
73,1
8175,0
4244,0
10584,0
1241,1
8642,1
3256,1
4808,0
812,1
4985,1
4349,0
5402,1
6620,0
389,1
10673,0
5314,0
5247,0
4133,0
7493,0
9103,0
4231,1
5049,0
4745,0
7729,0
3978,1
10460,0
10427,1
9867,1
10695,1
805,1
8109,0
4414,0
770,1
1681,1
929,1
9665,0
4036,1
6653,0
8678,1
2690,1
8110,1
261,1
1795,1
10835,0
6447,1
6686,1
6315,0
10617,1
5899,0
4925,0
7238,0
152,1
4507,0
7732,1
68,1
7821,1
7130,1
2585,1
7749,0
491,1
670,1
9248,1
2081,1
4018,1
9188,1
8251,1
7830,1
2438,1
5116,0
10894,0
8476,0
3912,0
9297,0
8248,1
748,1
527,1
2735,1
2342,1
8721,0
617,1
1842,1
9838,0
4187,0
10118,0
10287,1
9947,1
7892,0
4368,0
5657,0
6362,0
9059,1
2747,1
2158,1
9668,0
5414,0
4323,0
234,1
9337,0
2582,1
8511,0
4056,0
8632,1
6083,1
458,1
1918,1
6091,1
1302,1
10940,0
4987,1
2375,1
8046,1
7291,1
9379,1
5334,0
9288,0
1409,1
821,1
5335,0
38,1
1511,1
2090,1
9738,1
52,1
4362,0
7615,1
4127,1
500,1
463,1
5276,1
8821,0
2740,1
10081,0
1051,1
8376,1
9126,1
3447,1
3675,1
5935,0
9127,0
8412,1
2844,1
294,1
9066,1
2141,1
10073,0
6737,0
551,1
7348,1
10996,0
4814,0
10870,1
3445,1
2374,1
4221,0
940,1
1508,1
7121,0
9009,0
10658,0
9835,0
727,1
5612,1
1703,1
4034,0
145,1
5319,0
6658,0
1683,1
10164,0
10872,1
7984,0
9463,0
2294,1
546,1
3774,1
5474,0
3802,0
9241,0
6833,0
1000,1
4675,0
4882,1
6213,1
6370,1
10318,1
4992,1
10677,1
10591,1
9934,0
1834,1
9224,1
7444,1
6147,0
8685,1
5713,1
468,1
9250,0
9976,0
3433,0
9517,0
5083,1
3721,0
1159,1
4452,0
2639,1
7458,1
5488,0
8804,0
9192,1
9282,0
10868,1
5547,1
5210,0
5958,1
3884,1
5752,0
10686,0
4673,0
5967,1
6773,0
588,1
8800,0
10404,1
6903,1
48,1
1333,1
8054,0
9886,1
4734,0
6912,0
2237,1
4977,1
6742,0
6371,0
7345,0
4879,1
9162,1
7659,1
8048,0
6146,0
4994,0
9542,0
2277,1
4755,1
4466,1
3627,1
3083,1
9000,0
5270,1
10521,0
9527,1
924,1
7970,0
5963,0
9184,1
1895,1
7940,1
3501,0
5799,0
9349,0
6118,1
2579,1
1953,1
5650,0
9414,0
8960,0
9481,0
7170,0
6514,1
5164,1
5578,1
6188,1
1316,1
4596,0
3585,0
7944,1
8664,1
3516,0
7907,0
2318,1
2070,1
5834,1
10285,1
8249,0
8085,1
3161,0
9843,1
7146,0
6807,0
5716,1
10344,1
6597,1
9654,0
4728,1
4391,0
7049,0
9622,0
34,1
3313,1
3123,1
3681,1
611,1
5282,0
9769,1
9353,1
10269,0
6648,1
6844,0
5664,0
10106,0
9068,0
2999,1
2688,1
5197,0
9552,0
6416,1
6780,1
6070,1
10267,0
2341,1
2745,1
10270,0
4867,1
6086,1
3272,0
10701,0
4842,0
5744,0
3370,0
839,1
9083,1
5599,1
10205,1
4548,1
7448,1
7020,0
10423,0
8081,1
9880,1
6061,1
2242,1
2679,1
273,1
7129,0
4571,0
7994,0
7255,1
7887,1
1499,1
3725,0
8266,1
8772,0
6126,1
9938,1
6669,1
2207,1
6631,0
7759,1
8570,1
3322,0
4854,1
8766,0
10391,1
242,1
4228,1
1076,1
6601,0
9201,1
1405,1
10076,1
5973,1
556,1
1501,1
8702,1
1042,1
6185,0
3357,0
9686,0
4555,1
311,1
4827,0
2094,1
9521,0
10419,1
6831,0
4807,0
2902,1
5916,1
10702,0
10062,0
7452,0
10050,0
6382,1
3838,1
3540,0
292,1
5375,1
8866,0
7293,1
3886,0
10659,1
2648,1
7450,1
8341,0
10981,1
2449,1
10756,0
8020,1
4847,0
10385,0
8463,0
8835,1
9343,0
984,1
5869,0
2227,1
2744,1
10881,0
9199,1
9269,0
8709,1
7573,1
7625,1
5994,1
4546,0
3110,1
7718,0
1925,1
8308,0
1648,1
5876,1
3658,0
9,1
9737,0
2876,1
5683,1
9210,0
1044,1
3243,1
2898,1
2829,1
4449,0
4602,0
4226,1
5517,1
1914,1
782,1
9544,0
10833,0
8607,1
2272,1
5587,0
9149,0
7321,1
6726,1
10226,1
1825,1
10689,0
690,1
8310,1
1702,1
2152,1
4623,0
3803,1
3037,1
3981,0
2588,1
3779,1
3185,1
454,1
9983,1
9225,1
8585,1
6158,0
9333,0
10407,0
7270,1
4873,0
4329,1
9781,1
4817,1
7360,0
6856,1
7900,0
4031,0
5859,0
6942,0
2591,1
5778,1
2168,1
5720,1
1478,1
10483,0
7297,0
10643,1
3079,1
6604,1
4313,0
3995,1
3558,0
5552,1
6339,0
4681,0
4195,0
5863,0
8985,1
8090,1
8631,1
867,1
1419,1
4304,1
2663,1
2992,1
6719,0
9198,0
4,1
1947,1
2544,1
5351,0
8426,0
915,1
5701,1
2171,1
3660,0
7654,0
10733,0
7831,1
5240,1
6248,1
140,1
7665,0
9558,1
8547,0
1399,1
6557,0
10390,0
7562,1
7871,1
4620,1
637,1
8560,0
10294,0
7787,1
4831,0
10746,1
5563,0
6098,0
6663,0
7644,0
1754,1
6614,1
2821,1
4530,1
7424,1
7406,0
8022,0
4649,0
9580,1
3299,1
9407,1
6798,0
4950,1
4425,0
8198,0
7935,1
9202,0
5710,1
9650,1
8621,0
6454,0
6750,0
3773,1
3325,1
304,1
2261,1
2302,1
7441,0
9036,1
6466,0
5586,0
6892,1
4428,0
2208,1
8012,0
5748,0
5570,0
2047,1
8158,0
2788,1
8686,0
10612,0
4099,0
239,1
10739,1
6342,1
3059,1
4956,1
1881,1
5635,0
3007,1
3811,1
5104,1
8133,0
1193,1
7455,1
10462,0
3955,0
4902,0
1205,1
996,1
4170,1
9518,1
6096,0
6176,0
3605,0
3468,0
1086,1
3094,1
5450,0
3555,1
9549,0
6212,0
3455,1
2112,1
9179,0
5331,0
10698,0
127,1
3895,0
5325,0
5530,1
10672,0
1977,1
4829,0
6900,1
7889,0
3017,1
1557,1
7618,1
964,1
2975,1
8668,0
10903,0
7285,0
6644,0
10867,1
4619,0
4029,1
2189,1
5373,0
107,1
2763,1
3902,1
3769,1
7904,0
5697,1
6364,0
9586,0
5695,1
217,1
4906,1
1933,1
6986,0
603,1
6694,1
6936,0
5424,1
10644,0
5797,0
3901,0
2467,1
1885,1
10478,1
8982,1
5338,0
6261,0
1823,1
8449,1
2216,1
6363,0
3066,1
426,1
2643,1
7978,1
3698,1
3898,0
4055,1
6835,0
433,1
5609,1
4408,0
9995,1
2470,1
7237,1
6906,1
2060,1
2023,1
7430,0
4664,1
8290,0
6741,0
738,1
10988,1
7336,0
6097,1
3611,1
3195,0
721,1
1218,1
4107,1
9052,0
1636,1
4409,0
5284,1
3966,1
6281,0
668,1
6471,1
1643,1
4004,0
7295,0
8356,0
3250,1
10459,1
7318,1
8427,0
10760,1
587,1
4098,0
7735,1
9961,0
270,1
10498,0
8399,1
8135,0
5209,0
2597,1
10449,0
10157,1
10471,0
351,1
9145,0
175,1
8493,0
3102,1
1022,1
9546,0
4209,0
9765,0
8390,0
8945,1
5582,1
4219,0
7577,0
3739,0
9676,1
1610,1
6838,1
2016,1
481,1
10915,0
7899,1
949,1
3373,1
1869,1
2188,1
2932,1
9079,1
9561,1
9784,0
1772,1
211,1
1956,1
7811,1
700,1
9487,1
3797,0
7165,0
6087,0
1658,1
3810,1
967,1
6752,1
4554,1
3679,1
3477,0
149,1
9348,1
963,1
6069,0
942,1
6150,1
7012,0
8563,1
9684,0
3532,1
2626,1
2356,1
6978,0
7712,0
4790,1
4811,1
9743,1
4157,1
4182,0
1461,1
1310,1
8119,1
9720,1
1735,1
2138,1
6143,0
5482,0
5256,0
10329,1
5557,1
4973,1
8818,1
5468,0
10784,1
9904,1
1165,1
8484,0
10494,0
5166,0
2028,1
9335,0
5736,0
9058,0
9459,0
5688,0
2416,1
9717,1
2159,1
3538,1
8273,1
3862,1
7284,0
2701,1
9528,1
192,1
3535,0
3016,1
8771,1
742,1
7015,0
2283,1
9035,0
2195,1
1984,1
9848,0
4589,1
2,1
2757,1
2268,1
5569,1
8203,0
9227,1
1975,1
4704,0
2381,1
5195,0
8404,0
2767,1
4432,1
9283,0
9409,0
5283,0
4580,0
5607,0
10354,0
7765,1
5423,0
9178,0
10309,0
10240,1
5968,0
4263,0
9870,1
5893,0
10038,1
8192,0
6524,0
2464,1
7487,0
164,1
10339,1
8300,0
2707,1
264,1
7948,1
7484,0
6455,1
2014,1
10908,1
8486,0
7466,1
872,1
3464,1
6598,0
1830,1
1520,1
3894,1
8976,0
10583,1
7387,1
9471,0
10958,0
8053,0
5687,1
601,1
1370,1
4005,0
2079,1
2276,1
7248,0
2601,1
4416,1
7147,0
9474,0
4573,1
2193,1
7501,0
6911,1
4908,1
6581,1
10472,0
4113,1
10046,1
7705,1
6560,1
2658,1
7305,0
8002,1
10115,0
9953,1
1986,1
4930,1
6739,0
4253,0
7014,1
3487,1
2248,1
9862,1
3923,0
10941,0
114,1
6256,1
10230,1
5061,1
8860,0
7320,1
2793,1
7243,0
2127,1
6404,1
6353,0
8178,0
4766,1
3176,1
245,1
2670,1
10683,0
8333,0
6599,0
1183,1
5846,1
4705,1
7399,0
3346,0
2777,1
715,1
3128,1
325,1
6670,0
9968,0
3615,0
10610,0
201,1
3546,1
453,1
9900,1
4474,1
4293,1
10923,0
3957,0
2771,1
5297,1
507,1
8325,0
9089,1
7465,0
3653,0
3814,1
5198,0
1815,1
4046,1
111,1
6715,1
7797,0
8216,0
2808,1
6080,0
4577,0
1812,1
6878,1
10581,0
2032,1
5831,0
157,1
883,1
8655,0
4400,1
6157,0
9931,1
7006,0
3099,1
8293,0
5434,0
2743,1
2993,1
6270,1
3620,0
2798,1
4484,1
1873,1
2765,1
9194,0
9662,1
2687,1
4227,0
1788,1
4520,0
5358,1
9984,1
10292,1
1477,1
8324,1
9057,0
1650,1
8553,1
656,1
8748,0
7583,1
7133,1
4738,1
4647,0
8479,0
8050,1
1050,1
10858,1
5115,1
4159,0
8441,1
9156,1
1484,1
1536,1
2303,1
10963,1
7860,1
7839,1
9204,0
5043,0
1349,1
8171,0
4272,1
8474,1
6589,0
7347,1
8332,0
7359,0
7385,1
3674,0
7208,0
9773,0
9261,1
3302,1
970,1
1024,1
9399,0
3870,0
8601,0
10088,0
4334,0
8579,0
8005,1
5317,0
5737,0
669,1
7083,0
7505,1
8130,1
10365,0
4880,1
5342,1
7099,0
6748,1
1684,1
2352,1
1857,1
6963,0
10171,0
7523,0
9008,0
5919,0
6700,0
3594,0
5801,1
4399,1
4631,0
4803,0
70,1
6017,1
8573,0
7388,0
4769,0
7340,1
380,1
3586,0
5993,0
6991,0
8555,1
1794,1
3441,0
644,1
4913,1
687,1
2394,1
8843,1
2927,1
6053,0
8437,1
6682,1
10980,1
7044,0
8917,1
8877,0
5309,1
8630,1
496,1
868,1
5950,0
3704,1
5504,1
7534,1
5392,0
259,1
9719,1
2770,1
4666,0
9962,1
1972,1
8431,0
10322,1
15,1
7175,0
6417,0
10716,0
10451,0
2678,1
8118,1
8842,1
5465,0
5428,0
2923,1
10748,0
1942,1
8465,1
2677,1
10097,0
7251,0
6130,0
1305,1
4725,0
2656,1
10548,0
7576,1
10367,0
6707,0
7392,0
4784,0
1524,1
1285,1
9702,0
7739,0
8082,1
5216,1
8017,0
1598,1
7646,0
417,1
5544,0
120,1
4793,0
10089,0
5948,0
10015,0
2114,1
3205,0
2063,1
6926,0
9369,1
7404,0
8496,1
2238,1
9286,0
7637,0
5571,0
7337,0
8586,1
9876,0
1062,1
10409,0
6519,0
5726,0
4966,1
6181,1
8482,0
5453,0
4780,0
6684,1
10077,1
5520,0
8832,1
6058,0
8514,1
10386,0
1262,1
10950,0
9292,1
6000,1
4682,1
1020,1
8473,0
7537,1
1526,1
2603,1
8172,0
2117,1
5420,0
10758,0
5652,0
8595,0
1746,1
10474,0
6533,1
6797,1
3188,0
9539,0
9209,1
94,1
1546,1
4497,0
8784,0
6105,1
8466,1
6676,0
9385,0
7125,1
6099,0
2333,1
4284,1
5456,0
7412,1
8875,0
5129,1
8614,0
828,1
6615,0
1104,1
2044,1
7134,0
7847,1
2528,1
2660,1
2936,1
7552,0
5826,0
523,1
1565,1
8226,0
8344,0
3805,1
2714,1
7690,1
9667,0
6085,0
10930,0
7108,0
2177,1
1485,1
2969,1
5080,1
2429,1
5498,1
7840,0
6609,0
540,1
3050,1
9849,0
7785,0
8538,1
7850,0
1777,1
3941,0
7756,0
7442,1
4838,0
7780,1
7520,1
1690,1
7290,0
7054,0
7361,0
7652,0
10665,0
3872,1
3587,1
664,1
7197,0
3975,0
8914,1
6654,0
4344,0
6464,0
3924,0
6231,0
2689,1
3544,1
10114,0
5220,0
7274,1
6192,0
9443,0
8272,1
1618,1
10111,0
6901,0
386,1
8615,0
4642,1
5891,0
8566,0
4536,1
4525,0
6791,0
2985,1
3167,0
2507,1
7460,1
10065,0
9570,1
4459,1
2602,1
2423,1
8741,0
9238,1
1500,1
2266,1
6246,1
3942,1
8500,1
3317,1
7419,1
5814,0
3053,1
4173,1
2565,1
8834,1
9998,1
9326,1
10091,1
853,1
9300,0
10621,1
10721,0
7600,0
4487,0
4043,0
248,1
3840,1
4581,1
10418,1
9683,1
5160,0
4961,1
9420,0
7182,1
10272,1
43,1
1201,1
10370,1
10856,1
4672,1
2181,1
2476,1
8101,0
2629,1
10261,0
6634,1
8964,0
513,1
3795,0
10450,1
6409,1
1082,1
9014,0
4634,0
1281,1
9620,1
5937,1
1826,1
746,1
7626,0
9159,1
2797,1
3251,0
2440,1
1586,1
7865,1
3648,0
1357,1
6624,1
6563,1
3416,0
8808,0
4840,1
4332,1
5429,0
10300,0
7106,0
9351,0
4273,0
3117,1
10275,0
6420,0
1435,1
1179,1
3372,0
9154,0
7440,0
5660,0
9660,1
10585,0
7475,0
9396,1
7317,1
3986,1
10468,0
830,1
9766,0
10158,1
10432,1
5694,0
2980,1
10650,0
2811,1
2205,1
2739,1
5733,1
7917,1
4059,1
7748,1
2291,1
4614,0
1136,1
8590,0
10853,1
3571,1
10162,0
1846,1
401,1
1292,1
4732,0
10223,0
10143,0
5705,1
6812,1
4931,0
5248,0
7941,0
4775,0
8069,1
1462,1
3304,0
5305,0
55,1
943,1
2450,1
1090,1
723,1
2425,1
10295,0
1412,1
1628,1
4506,1
3621,1
3694,0
7136,0
10687,0
2236,1
6063,0
5147,0
5533,0
9806,0
5775,1
10723,1
1147,1
2654,1
5877,0
5747,1
121,1
5656,1
2073,1
1801,1
2542,1
10443,1
578,1
3385,0
5386,0
1314,1
2433,1
414,1
9309,1
2221,1
951,1
3762,0
8410,1
10727,1
314,1
8707,0
10098,1
7378,1
9317,0
9195,0
3550,1
10987,1
3465,1
882,1
2559,1
266,1
5177,1
1239,1
3875,0
8760,1
2040,1
7802,0
3023,1
8673,0
2354,1
10248,0
10030,1
1591,1
4693,1
190,1
4277,0
1708,1
7905,1
3758,1
9146,1
8073,0
3545,0
4468,0
10121,0
6060,0
6756,0
4864,0
9979,0
5310,1
3512,0
8880,1
1785,1
1981,1
8984,0
7001,1
4271,1
6966,0
4278,1
10751,0
10146,0
5119,1
10664,0
9504,1
8660,0
9958,0
2937,1
8067,1
994,1
6186,0
9163,0
1713,1
4361,1
3248,0
3454,1
1668,1
7834,1
5823,0
3262,1
4835,1
4823,0
8578,0
10337,1
10068,1
8442,0
936,1
3115,1
5122,1
7408,0
5679,1
9245,1
9386,0
3480,0
1066,1
5344,0
6540,0
985,1
4796,0
1786,1
5146,1
4612,1
10136,1
698,1
10661,1
3647,1
6558,1
3831,1
480,1
8126,1
10823,0
5779,0
3917,1
4235,1
6701,0
7483,0
10293,0
1573,1
1976,1
7327,0
5313,0
6448,0
10452,1
490,1
3591,0
2994,1
7678,0
5995,1
6153,0
6029,1
7608,0
4654,0
10568,0
3801,1
3563,0
977,1
2015,1
9027,1
8876,0
6160,1
5221,0
7560,0
8421,1
2148,1
8423,1
3502,0
8647,0
10821,0
4150,1
5093,0
5952,1
5199,1
8291,0
10897,0
7267,1
1731,1
6405,0
1336,1
9569,1
8013,0
4782,0
5751,0
4047,0
8319,1
7138,0
998,1
6301,1
3950,0
10552,1
1342,1
5512,0
412,1
9675,0
552,1
3415,1
3353,1
9267,0
8194,0
3741,1
553,1
646,1
1924,1
5675,0
6505,1
7341,1
8824,0
8927,0
10845,0
9911,0
5478,1
1700,1
4181,0
8646,1
2379,1
1105,1
10801,0
138,1
2924,1
5734,1
6402,0
2184,1
3418,0
8919,1
10005,0
7906,0
8043,1
758,1
7,1
2516,1
1745,1
4498,0
1436,1
2306,1
4460,0
1106,1
4646,1
6755,1
224,1
6415,1
10580,0
5084,0
4533,0
3136,0
8926,0
8336,1
904,1
2812,1
2132,1
5788,0
2772,1
2560,1
3413,1
5872,0
5749,0
750,1
61,1
1098,1
5293,0
7606,0
7675,1
10878,0
1328,1
5239,1
9587,0
7200,1
9831,0
6386,1
10507,0
10288,0
5202,1
186,1
6827,1
415,1
6544,0
2726,1
4524,1
9160,1
5398,0
1606,1
10380,1
8959,1
8774,0
8224,0
9563,0
6423,1
6114,1
5194,0
2370,1
8744,1
6486,0
1382,1
1308,1
3993,1
10312,1
6552,0
5562,1
8802,0
7896,0
6368,0
8672,0
9510,0
4454,1
6499,1
2109,1
1646,1
2604,1
7089,0
10357,0
1723,1
2583,1
9625,1
7973,0
6710,1
8810,1
7653,0
9044,1
7642,0
7763,0
4335,0
10376,0
5436,1
10707,1
136,1
993,1
5225,0
9697,1
3129,1
7437,0
9042,1
730,1
7292,0
3533,1
5892,0
7462,1
9067,1
3033,1
10533,0
8445,0
5228,0
3915,0
10926,1
1730,1
2549,1
7209,0
6746,0
6258,0
6887,0
10611,1
1103,1
6512,0
1426,1
8260,0
110,1
3045,1
7331,0
6656,0
1985,1
6685,1
1741,1
5144,1
6925,0
4129,0
4598,0
8640,0
7107,0
1879,1
5493,0
5352,1
7102,1
8097,1
10245,0
9640,1
4073,1
4901,0
10286,0
9415,0
10175,1
4610,0
8042,0
5289,0
717,1
5277,0
4038,0
2314,1
10854,0
5273,0
2567,1
1210,1
10456,1
8745,0
1671,1
9913,0
10574,1
6330,1
6511,0
3958,0
9131,0
10745,0
3000,1
9087,0
4689,0
4574,0
5359,0
8530,0
8958,1
6474,0
3443,0
6981,0
3614,1
10559,1
10239,1
5054,1
4751,1
10865,0
10257,0
6904,1
435,1
2946,1
2250,1
7256,0
9948,1
8671,1
1220,1
2074,1
9804,0
1268,1
5229,0
7945,0
5252,1
2187,1
3988,1
383,1
3297,1
5201,0
6551,0
168,1
9703,1
6502,1
7676,0
5618,0
6527,1
1756,1
8297,1
10671,1
1242,1
10678,0
1654,1
6698,1
10147,1
2027,1
5946,1
3646,1
2131,1
9940,0
5466,1
8321,1
3003,1
2664,1
4282,0
4144,0
4643,1
2080,1
1982,1
9905,0
2452,1
3223,0
10551,0
906,1
6641,0
8026,1
2890,1
8764,1
4417,0
5233,0
3839,1
3701,1
2911,1
9852,1
4998,1
10150,0
800,1
6366,1
6145,1
8179,1
9497,0
4851,1
7589,1
4151,0
6772,0
1675,1
5269,1
1234,1
1697,1
2006,1
8019,1
2638,1
10725,0
6541,1
6768,0
3462,1
10826,1
2895,1
10364,0
1324,1
4670,1
4735,1
9276,0
10284,1
8250,1
7685,0
1387,1
8604,0
3943,0
10885,0
9338,1
5760,0
9744,1
7232,1
8782,0
8629,0
7151,1
7114,0
544,1
2489,1
3876,0
5268,1
6178,1
7109,0
887,1
5383,1
4774,0
9455,0
5591,0
8575,1
5415,1
6456,1
4354,1
10668,1
4748,0
2436,1
747,1
3349,0
3074,1
8848,1
3438,1
2226,1
1792,1
7812,0
3474,0
10053,1
5001,1
503,1
1642,1
6377,1
7689,1
4093,1
3931,0
4115,0
8035,0
9022,0
4128,0
8176,0
392,1
7700,0
7386,1
3369,0
6380,1
9663,1
423,1
10529,0
4891,0
1818,1
8065,0
6974,0
8940,1
6871,0
2774,1
5886,1
8912,1
370,1
4288,0
8742,0
10774,0
7744,1
1850,1
1007,1
9523,0
4528,1
8301,0
7005,1
7953,0
9969,0
3927,1
7544,1
6469,0
2810,1
8448,1
885,1
9454,0
6259,0
1378,1
2869,1
7112,0
5604,1
7521,0
7704,0
3266,1
605,1
9141,0
9266,1
4508,1
6317,0
2723,1
7403,1
148,1
7097,0
10637,0
1592,1
7814,0
10467,1
9530,0
6079,0
6914,1
1189,1
3260,1
1714,1
5230,0
1854,1
10297,0
3947,1
2055,1
9887,1
1625,1
4683,1
9809,1
2562,1
6940,0
8343,0
10747,1
4781,1
7601,1
9512,1
3019,1
1584,1
8737,1
6338,1
5178,0
6433,0
3748,0
5581,0
10264,0
357,1
6632,0
5630,0
5267,1
5616,0
5046,0
5395,0
9803,0
1665,1
3048,1
6984,0
760,1
1866,1
5550,1
9568,1
8705,0
7245,0
5028,0
5896,0
619,1
10387,1
8845,0
9566,0
5740,0
10742,0
7342,0
3087,1
973,1
7211,0
5128,0
4940,0
1354,1
1505,1
10048,0
6467,1
6952,1
9624,1
5576,0
520,1
9138,0
7196,0
3613,0
6473,1
7502,1
1545,1
7127,0
4382,1
1153,1
8589,1
1126,1
10994,0
4771,0
8990,1
5455,0
2325,1
1117,1
554,1
10565,1
440,1
6935,0
6067,1
1216,1
1203,1
4064,0
3661,0
4447,1
2391,1
9374,0
7570,0
3394,1
1326,1
1903,1
5371,0
7632,0
6934,1
1100,1
5685,0
8504,1
2176,1
6725,0
4104,0
9264,1
3082,1
2820,1
6102,0
191,1
5795,1
8450,1
6967,1
10808,0
3067,1
267,1
4269,0
7728,1
3899,1
8182,0
9001,0
3407,1
4418,0
2199,1
6314,1
5073,0
9096,0
10880,1
676,1
5081,0
1781,1
9664,0
2310,1
5507,1
4066,0
5820,1
2491,1
6245,0
7432,0
2884,1
1209,1
528,1
10993,0
10916,0
4702,0
1307,1
5567,0
7263,1
5226,1
3054,1
3063,1
1346,1
7240,0
8155,1
9615,1
9814,1
1634,1
6532,0
2443,1
7008,1
6600,0
3575,0
633,1
6570,1
9936,0
2304,1
7578,0
7640,0
9511,1
9533,0
521,1
8978,0
624,1
10914,1
3069,1
1492,1
1766,1
3100,1
6635,0
5580,1
4381,1
6982,0
1541,1
9077,0
8008,1
2347,1
4082,0
9320,0
6629,0
1057,1
9168,0
10403,0
3114,1
5442,0
9688,0
10817,0
334,1
9190,1
7603,0
3513,0
3127,1
2620,1
10670,0
4430,0
2096,1
4613,0
2515,1
9598,0
10251,1
10007,0
8610,1
365,1
1840,1
4677,0
8728,0
6109,0
1277,1
8918,0
4116,1
5364,0
5140,1
8559,0
1932,1
7870,1
628,1
9040,0
3843,1
2243,1
4413,0
9705,0
8786,0
9978,1
9112,0
10545,0
1295,1
9403,0
3667,1
3507,1
5521,0
9882,0
9371,0
3732,1
10228,0
3588,0
1548,1
9727,1
10152,0
2754,1
4001,1
6348,0
4633,0
350,1
9771,0
5572,0
6866,0
1139,1
4028,0
1187,1
5186,1
7901,1
5761,1
10775,0
6285,0
10709,0
7651,1
8457,1
7875,0
10635,0
10268,0
8944,1
4603,1
3885,1
1017,1
7481,1
981,1
6359,1
932,1
6034,0
1596,1
2713,1
1276,1
2852,1
9303,0
6226,0
6395,1
9350,1
7070,1
10127,0
44,1
2369,1
1206,1
2473,1
1442,1
699,1
7504,0
6860,0
2697,1
8738,1
391,1
7648,0
9847,0
517,1
9219,0
7402,1
2775,1
8993,1
7791,0
4392,1
5418,1
1300,1
10004,1
124,1
8587,0
7375,0
1013,1
10375,0
2776,1
4607,1
8906,1
1204,1
467,1
2174,1
3821,0
2134,1
1049,1
1768,1
4363,0
7911,0
3688,1
4137,0
3731,0
1207,1
3937,1
3391,1
10126,1
5910,0
7143,1
6801,1
7286,0
1839,1
4794,1
10554,0
2380,1
6683,0
10861,1
3469,1
4239,0
716,1
5020,0
9318,1
8634,0
5601,1
332,1
2453,1
2262,1
10281,0
7173,0
10945,0
7449,0
2632,1
1709,1
1459,1
3298,1
2215,1
7747,0
10255,0
443,1
7391,1
8327,0
6567,1
318,1
100,1
4624,1
1810,1
5885,0
1967,1
10649,0
8446,1
8884,1
388,1
10570,0
1624,1
1006,1
1301,1
2995,1
1727,1
10489,1
251,1
4431,0
10700,0
1992,1
321,1
10769,1
10566,0
144,1
7869,0
6789,1
5451,1
5223,0
6732,0
3483,0
928,1
6720,0
216,1
8023,0
5377,0
6994,1
9440,0
8790,1
5490,0
3476,1
6106,0
4839,1
2864,1
227,1
1428,1
1473,1
4365,0
3619,0
2795,1
6137,0
1853,1
9651,0
499,1
5746,0
2406,1
6941,1
9794,1
6568,0
6197,1
809,1
7023,0
8378,0
2121,1
6183,1
7929,1
6039,1
7957,0
6277,1
5369,1
6162,0
3630,0
9818,0
4097,1
3971,0
364,1
7401,0
8452,1
6082,1
5653,1
80,1
10495,0
4865,1
6678,1
9798,0
5388,1
9218,0
6204,1
5026,1
962,1
9434,0
1247,1
1844,1
2952,1
6476,1
5732,1
2426,1
5302,0
7434,1
356,1
4911,0
7882,0
6242,0
6531,0
3705,1
8616,0
9891,0
10848,1
337,1
3666,1
8131,0
4112,0
713,1
8001,1
582,1
10130,1
5041,0
4483,0
1495,1
621,1
9589,0
5033,0
3046,1
1348,1
2791,1
6151,1
1917,1
9674,0
4290,0
2355,1
1282,1
8143,1
9834,0
4267,0
3742,1
7150,1
3680,0
7365,1
69,1
8189,0
2845,1
2241,1
9315,1
2091,1
10729,0
2057,1
3609,0
9158,1
8657,0
826,1
1912,1
9051,0
10924,0
10374,1
655,1
1129,1
9866,0
3194,1
7078,1
10544,0
1813,1
9101,1
842,1
4760,0
10256,1
3631,1
9097,0
10199,0
1770,1
7056,1
1886,1
8920,0
1891,1
862,1
2605,1
1015,1
8286,0
1998,1
7379,1
6436,0
460,1
10095,1
2387,1
4024,0
10024,1
3683,1
2826,1
6410,0
6438,0
5148,0
3992,0
10511,1
2457,1
7490,1
4818,0
281,1
1229,1
7176,1
6490,1
7229,0
2933,1
4993,0
7713,0
9810,1
5348,0
6357,0
8727,1
2376,1
5058,0
9532,1
8267,0
5121,0
9002,0
10527,0
2657,1
4532,0
6481,0
4845,1
1644,1
8183,1
9012,0
4444,1
8199,0
6440,0
2233,1
4333,0
3691,0
1397,1
1479,1
5838,0
5868,1
9397,0
5271,0
6811,0
6761,1
8869,0
3552,1
5380,1
6280,1
579,1
2758,1
9829,0
1114,1
2271,1
6397,1
6651,0
4968,1
5356,0
385,1
10493,0
9422,0
1131,1
4446,1
10359,0
2732,1
4168,0
3449,0
9417,1
4139,0
4264,0
102,1
8706,1
745,1
9186,1
10789,0
7344,0
6046,0
8218,0
2853,1
5017,1
7301,0
5923,0
9359,1
5023,0
8132,0
5832,1
1058,1
8232,0
2930,1
3753,0
7189,0
10787,0
8371,0
8814,1
10397,1
3401,0
3673,1
35,1
1369,1
2462,1
7980,1
5249,1
752,1
3269,1
3332,1
3492,0
4088,0
10675,1
4254,0
6841,0
135,1
8789,0
7467,1
6784,1
791,1
1716,1
7715,1
2165,1
4402,0
10299,0
5727,0
1041,1
6795,0
2866,1
2395,1
5787,1
9229,1
10252,0
10515,1
8873,0
10639,0
2113,1
8041,0
1070,1
2721,1
7135,1
6483,1
9086,1
8477,0
3060,1
4094,1
9935,1
10953,0
8454,1
4317,1
8661,1
9084,1
2655,1
2989,1
4737,0
2001,1
607,1
1831,1
6243,0
7308,0
10876,0
888,1
232,1
254,1
8184,0
9400,0
8665,0
3212,0
4691,0
10197,0
5523,1
1178,1
2790,1
4618,0
2809,1
4904,0
8468,1
9142,0
4761,1
6547,1
4481,0
9975,0
8072,0
8628,0
10425,1
209,1
3687,0
1955,1
9475,1
6361,1
9782,1
5421,1
7683,0
1311,1
3514,1
8683,0
7011,0
7897,1
2651,1
7351,0
3255,0
10166,0
1800,1
2642,1
4130,0
7383,1
1030,1
10816,1
1367,1
1456,1
9970,0
8785,1
7580,0
7192,1
2301,1
1765,1
665,1
773,1
5127,1
132,1
2119,1
7206,0
10061,1
9006,0
9390,1
5793,0
3717,1
2162,1
511,1
4792,1
10447,0
1993,1
913,1
16,1
649,1
9616,1
3583,1
4353,0
2179,1
569,1
4311,0
1343,1
8602,1
7358,1
10715,0
1980,1
518,1
6431,0
10092,0
8150,1
8787,1
7512,0
8051,0
10788,0
91,1
8195,0
8428,0
5833,1
9761,0
7063,1
6122,0
9431,1
8973,0
7686,1
221,1
6762,1
3018,1
4378,0
1806,1
3523,0
4086,1
992,1
10720,0
7042,0
1033,1
4797,1
3430,0
3466,1
6095,0
5773,1
3152,1
870,1
9709,1
2202,1
8942,0
6876,1
3729,0
4700,0
10595,1
10837,1
9404,1
567,1
4216,1
7409,0
6316,1
5600,1
237,1
8320,1
1608,1
5059,0
4176,0
5412,1
9791,1
2522,1
371,1
4281,0
9003,0
5827,0
574,1
10524,1
2719,1
5102,0
5970,1
6107,0
10330,1
8963,0
4371,0
9618,1
5860,1
9932,1
2136,1
504,1
3678,1
2616,1
8387,1
3202,0
3457,0
7526,1
1140,1
2961,1
2397,1
8483,0
2715,1
7009,0
2722,1
6492,1
8480,1
33,1
4482,0
2454,1
10422,1
5495,0
9712,1
6223,1
3125,1
1294,1
1457,1
5407,1
2778,1
3178,0
6610,0
5123,0
8044,0
10962,0
10313,0
509,1
2472,1
3335,0
2275,1
8524,1
6664,0
7841,0
6794,0
8783,1
6738,1
7035,1
6360,0
4453,0
1560,1
2738,1
5741,1
8188,1
10247,1
7059,0
5673,0
10342,1
1460,1
5596,1
3760,0
8191,1
4394,0
6161,0
6027,1
6972,1
10070,0
9139,0
6968,0
10850,1
673,1
6623,0
10732,0
8981,0
4372,0
7454,1
5985,1
4072,0
6873,0
7128,1
4741,0
5098,1
3410,0
5719,1
6090,1
522,1
9850,0
8202,0
9883,1
2950,1
5854,1
4724,0
8422,1
9362,0
6384,0
6851,1
1962,1
751,1
5682,0
757,1
7415,1
946,1
966,1
7792,1
6608,0
1375,1
3848,1
10037,0
5904,1
2351,1
1849,1
4111,0
1502,1
408,1
9378,1
8777,1
6927,1
4578,0
7105,1
7093,0
1904,1
8868,1
1471,1
8779,0
1767,1
4044,0
7194,1
5168,0
1379,1
7047,1
8938,1
7312,1
8546,1
5151,0
861,1
3852,0
4964,1
810,1
10731,0
7268,1
799,1
3157,1
9964,1
6230,0
5912,0
2493,1
2830,1
739,1
2720,1
889,1
10100,0
8838,1
10161,0
2786,1
9211,1
5447,0
10022,1
8740,1
6312,0
1989,1
858,1
9506,0
8354,0
4198,0
6331,1
3236,1
6457,0
2458,1
807,1
9892,1
6988,0
8799,1
8636,0
1228,1
1865,1
1171,1
5822,1
8031,1
1728,1
7174,1
319,1
2200,1
4337,0
4123,0
6170,0
10084,0
8160,0
1884,1
3233,1
6311,0
10013,0
2749,1
5185,1
2593,1
1079,1
3076,1
8257,1
104,1
341,1
10765,1
10904,1
2180,1
667,1
10266,0
10957,0
4367,0
6393,0
5396,1
6306,1
5800,0
6133,0
891,1
10435,0
10510,1
10328,0
10556,0
5829,1
2335,1
654,1
4369,1
6414,0
5227,1
8156,1
2142,1
10767,0
2508,1
547,1
8078,1
8704,0
381,1
8,1
7789,0
10202,0
2918,1
7681,0
3857,0
5413,0
7777,0
8148,1
5403,1
1712,1
10290,0
7233,1
8335,0
10481,1
3113,1
10225,0
4645,1
10302,1
8606,0
9524,1
1900,1
600,1
2973,1
3733,1
7823,1
7662,1
8263,0
3200,0
7048,1
5389,0
10113,1
7050,0
2026,1
4032,0
6677,1
3962,1
2194,1
9897,1
6369,1
10629,0
1679,1
5114,0
2169,1
8506,0
3656,1
10535,0
4653,0
4360,1
6089,0
8613,0
592,1
9628,1
3055,1
4862,1
9424,0
10220,1
5259,1
10208,0
4280,0
5255,0
6640,0
10991,0
7617,1
1,1
10655,1
9600,0
3723,0
7031,0
6116,0
3893,1
2343,1
5931,0
9677,1
3837,0
6837,0
570,1
9740,0
362,1
2411,1
492,1
7372,0
9357,1
4087,1
2235,1
1341,1
2007,1
7030,0
3560,0
2569,1
9811,1
2444,1
2878,1
566,1
6379,0
5878,1
6693,0
7447,1
8911,0
2877,1
4204,1
9516,0
991,1
10455,1
2752,1
2899,1
890,1
329,1
5360,1
71,1
5245,0
5090,0
5625,1
4558,1
10361,0
7077,1
9994,0
5676,0
2667,1
10382,0
2665,1
171,1
9260,0
622,1
5393,1
8144,0
3138,0
5207,1
2494,1
9801,0
10804,0
737,1
7013,0
3246,1
5583,0
9752,0
6947,0
6983,0
3367,1
9535,0
10470,1
10844,0
8962,0
558,1
4248,0
4312,1
498,1
803,1
9796,1
2842,1
3616,0
6728,0
10634,1
5112,1
7769,1
10800,1
6596,0
10232,1
1661,1
6576,0
7598,0
3020,1
7438,0
3871,1
4909,1
483,1
2773,1
2349,1
8682,0
6493,0
5426,1
7680,0
9767,0
6582,1
8186,0
5757,1
3574,1
10522,0
10458,0
10311,1
9844,0
10196,1
4883,0
3936,0
1558,1
2706,1
5072,0
8652,0
3537,1
1909,1
2972,1
396,1
2116,1
166,1
2393,1
9659,0
7281,0
3519,1
9673,0
2537,1
2828,1
5162,0
10473,0
8593,0
2503,1
10020,0
5235,1
8060,0
8989,1
5092,1
7950,0
6839,0
5610,1
9656,1
1068,1
331,1
182,1
9034,1
8809,1
3880,0
7045,1
4720,0
6846,1
5391,1
5328,0
2371,1
3237,1
843,1
4828,0
6959,0
6945,1
9323,0
6534,1
2061,1
6688,0
8030,1
9314,0
6461,0
2916,1
6858,1
3892,0
9551,0
10119,0
1941,1
1344,1
7878,1
9123,0
6142,0
3672,1
5982,0
8385,1
1896,1
2088,1
2029,1
10315,1
863,1
10889,0
1775,1
4593,0
2527,1
1720,1
10633,0
7954,1
3340,0
6321,1
1691,1
4713,0
3150,0
9330,0
3085,1
10623,1
571,1
1122,1
9822,1
8400,1
8495,0
1927,1
10010,1
7643,0
7674,0
41,1
3319,0
9863,0
10377,0
10496,1
9815,0
5035,1
1060,1
2172,1
6681,1
8569,1
9902,0
3271,0
9120,1
6296,0
2636,1
3567,0
7736,0
9693,0
5038,1
1579,1
3411,1
2682,1
4388,0
8751,0
5511,0
7191,1
2841,1
9063,0
3969,1
10719,1
8543,1
3448,0
8913,0
2424,1
1440,1
6621,0
5796,1
3822,1
6287,0
5441,1
2322,1
3281,1
6144,0
4385,0
4516,1
3829,0
6898,1
3933,0
6088,0
7857,1
3327,0
6875,0
9682,0
5783,0
2644,1
10233,1
7300,0
2595,1
382,1
7926,1
6735,0
5410,1
7934,1
8561,1
7740,1
2118,1
5069,0
3539,1
7149,0
8330,0
6646,0
6933,1
1710,1
7155,0
10579,0
3997,0
1364,1
3191,0
9500,1
287,1
10019,0
2737,1
10684,1
7496,0
2618,1
6652,0
6149,0
3160,0
10148,0
8381,0
3785,0
5330,0
1973,1
2270,1
178,1
9578,1
4436,1
10282,0
8084,1
5187,0
2589,1
8611,1
4318,0
10185,0
4295,0
2372,1
8461,0
10718,0
358,1
3494,0
8375,0
7425,0
9922,0
5606,1
5680,0
5400,1
7122,0
4519,1
10356,1
8503,1
2733,1
5055,1
7414,1
6832,0
6650,0
447,1
2815,1
4852,1
6155,0
9636,0
577,1
10411,0
10479,0
2551,1
7569,1
5721,0
6704,1
5411,0
8850,0
3253,1
5378,1
10740,0
10855,0
5254,1
4986,0
6829,1
3500,1
6843,0
9613,1
4777,0
4791,0
8713,0
4179,0
8475,0
10992,1
7389,1
4687,1
4733,1
5594,0
6955,0
3531,0
10838,0
10935,1
2543,1
9531,1
10822,1
5537,0
606,1
1315,1
10951,1
8306,1
6254,1
9988,0
6310,0
7092,0
3208,0
1848,1
6929,1
1101,1
7469,0
938,1
10681,1
4268,0
532,1
10,1
2976,1
13,1
7160,0
1722,1
3436,0
6253,0
8624,0
4180,0
1640,1
1411,1
1790,1
4347,0
1215,1
8822,0
1517,1
5908,1
1338,1
4549,1
2018,1
7231,0
422,1
4110,1
5079,1
5409,0
7761,0
9462,0
3109,1
3472,1
8137,0
6716,1
6553,0
813,1
1386,1
8339,0
9458,1
10388,0
4163,1
1214,1
4739,1
2850,1
7477,1
2280,1
4154,0
1868,1
3530,0
3122,1
6452,0
10307,0
2768,1
2977,1
1025,1
9594,1
9505,1
8386,1
10667,0
8382,0
2800,1
1109,1
10781,0
8580,0
9346,1
10830,1
10692,0
6539,1
8124,0
7937,0
2587,1
6857,1
5942,1
10363,0
3149,1
2232,1
4556,0
2004,1
10806,0
3425,1
8612,1
9926,1
1250,1
2013,1
1280,1
5110,0
2413,1
6689,0
10327,0
9956,0
2404,1
9069,0
1162,1
2766,1
7254,0
6990,1
8010,0
5032,0
8153,0
660,1
1023,1
2319,1
3283,0
6184,0
6278,1
2860,1
3368,0
9757,1
1026,1
2469,1
6979,1
7772,0
7259,1
5577,1
10310,0
3738,0
8712,1
3090,1
198,1
9973,1
4611,1
2259,1
6931,1
10971,0
7983,0
8974,0
8649,1
1664,1
10577,0
3275,1
3244,1
7085,1
1533,1
9707,0
1011,1
1232,1
4310,0
8542,0
9584,0
10018,0
9823,0
7309,1
3330,0
2038,1
1063,1
8501,0
5327,1
153,1
3650,0
4067,0
10712,1
9388,0
3230,0
6973,0
2386,1
3193,0
2481,1
2035,1
5815,1
5996,0
10500,1
4210,0
10779,1
5057,0
7990,0
610,1
3239,1
2762,1
597,1
2293,1
1463,1
2108,1
5366,0
9950,0
3061,1
1689,1
7311,0
2683,1
10910,0
846,1
8816,1
4492,0
4710,0
8890,1
8759,0
2373,1
625,1
2324,1
2978,1
10989,0
5155,1
602,1
6508,1
1455,1
3510,1
2831,1
2746,1
1758,1
3659,0
2557,1
5019,0
6987,0
2856,1
4701,1
1035,1
10066,1
9909,0
2598,1
413,1
9711,0
3907,0
9453,1
1480,1
5884,0
9247,0
8424,0
9263,0
4559,0
9840,0
3329,0
10772,0
612,1
5881,0
6037,0
8413,1
10749,1
4859,1
1861,1
4991,0
2475,1
8368,0
5086,0
1547,1
5999,0
3490,1
240,1
9495,1
4322,1
4600,0
10578,1
10224,0
4923,1
7246,0
10480,0
3378,0
10857,1
5992,1
10960,0
8104,0
643,1
8872,1
7431,0
8508,1
1259,1
10901,1
6390,0
439,1
999,1
3064,1
3713,1
5887,0
9025,1
1997,1
6703,0
9959,1
2300,1
10964,1
4406,0
8453,1
2717,1
8825,0
3182,0
4504,0
9291,1
1657,1
5295,0
7188,1
7820,0
5897,0
4892,0
6727,1
1615,1
2344,1
4149,0
10969,0
987,1
6950,1
1286,1
6579,0
5417,0
559,1
8846,1
1373,1
7804,0
975,1
10345,1
3450,1
1038,1
6751,1
3989,1
3459,0
5561,1
10917,0
7796,1
8732,0
8161,0
5703,1
4165,0
8181,0
10605,1
2750,1
7180,0
5361,1
3261,1
7018,0
2150,1
2368,1
743,1
9016,0
1010,1
919,1
703,1
6234,0
1611,1
10813,1
5568,0
2396,1
1521,1
5349,0
2724,1
9689,1
3596,0
2130,1
1113,1
4547,1
694,1
3382,0
6895,1
9889,0
9617,0
5631,1
3213,0
1012,1
8550,1
3485,0
1960,1
4929,0
10094,1
4495,1
2321,1
428,1
1538,1
3985,0
2891,1
8878,1
8217,0
3028,1
3745,0
6168,1
10766,1
7203,0
1160,1
3526,0
1821,1
5130,1
2784,1
1877,1
167,1
9960,0
2264,1
2673,1
9484,0
8229,0
838,1
7703,0
5308,0
2124,1
9259,1
658,1
8185,1
2182,1
1395,1
5487,1
9452,0
3493,1
5326,0
7854,1
8314,0
6777,0
6208,1
2646,1
8398,1
4442,1
10317,1
3787,0
8986,1
6244,0
8115,1
5448,1
1099,1
4338,0
6530,1
8817,1
934,1
7362,0
7701,1
10124,0
7695,0
10442,0
5078,0
3041,1
9148,0
6194,0
10453,0
28,1
6886,0
1094,1
7382,1
2983,1
10597,1
236,1
4946,0
7091,1
8108,0
9498,1
5082,0
2573,1
5205,0
6580,0
3967,1
7719,0
8806,0
5322,1
5966,0
7066,0
894,1
6101,0
1755,1
9370,1
9228,0
9043,0
5573,0
8262,1
10824,1
1819,1
3158,0
1695,1
1935,1
6916,1
3471,0
3402,1
636,1
10900,0
7531,1
920,1
9281,0
1362,1
9438,1
7599,0
3783,0
10592,1
7750,0
4191,1
3403,1
10352,1
7825,0
1639,1
7605,0
10074,1
6004,0
536,1
9989,0
9164,0
9465,1
6271,1
4655,1
3001,1
7782,1
2725,1
6705,1
4686,0
1493,1
5384,0
2231,1
10541,1
3077,1
406,1
3405,0
118,1
10047,0
9134,0
4196,0
1780,1
461,1
4813,1
3214,1
2058,1
10576,1
834,1
829,1
2963,1
2947,1
9509,1
6134,0
8391,0
5714,1
2649,1
258,1
7547,1
10662,0
3934,1
465,1
6329,1
2824,1
5263,0
1356,1
9391,0
7405,1
7335,1
7184,1
4942,1
290,1
8105,0
7835,1
6548,0
3782,0
4625,0
1048,1
9955,0
8458,1
2708,1
822,1
8756,1
5693,0
4928,0
1265,1
8093,1
5299,0
173,1
403,1
1832,1
8083,0
9574,0
1774,1
10090,0
6239,0
3925,1
10394,1
3358,1
5446,1
1448,1
3210,0
1915,1
4595,1
2461,1
6367,1
674,1
4861,0
990,1
5553,0
6273,0
10519,0
6482,0
6711,0
630,1
4419,1
488,1
10180,0
2361,1
4260,0
8350,1
9724,0
7767,1
8075,0
7253,1
6021,0
9483,1
7517,0
5173,1
3940,0
4979,0
8833,1
1258,1
1937,1
1623,1
5244,1
10052,1
5771,0
5294,1
2736,1
10887,0
7417,1
2871,1
1430,1
10616,0
9310,1
1543,1
10561,0
9177,1
51,1
2083,1
5484,0
2210,1
5940,1
10393,1
9039,0
320,1
2931,1
3916,0
1019,1
7218,0
1744,1
7529,0
9372,0
6450,1
9128,1
5856,1
10350,1
4389,0
3714,0
2192,1
7673,1
4502,0
6283,1
4868,0
7770,1
6381,0
3093,1
3398,0
8743,1
7960,0
5037,0
247,1
10622,1
343,1
652,1
7867,1
8038,1
4303,0
8754,1
7283,1
8699,0
9435,0
24,1
6495,0
6375,0
8074,0
1445,1
5274,0
6012,1
7989,1
9428,0
7482,0
3362,0
4058,0
9762,0
9413,0
1851,1
335,1
429,1
3467,1
8895,0
6535,0
8142,1
199,1
9132,1
6236,1
5292,1
4889,1
8793,0
2110,1
6272,1
1450,1
9249,0
1072,1
7795,0
10059,0
7339,0
7073,0
5739,1
5246,0
8859,1
2919,1
4175,0
257,1
3388,0
3638,1
7557,1
5068,0
1554,1
2619,1
5632,1
9125,0
1890,1
7743,1
10412,0
7558,0
4510,1
5279,0
8478,0
10999,0
10710,1
64,1
4336,1
4568,0
8243,0
8040,0
10743,0
7677,1
2010,1
395,1
5634,0
9928,0
5983,0
10546,0
2244,1
7110,1
10949,1
2212,1
4451,1
613,1
4291,1
5671,1
8924,0
651,1
8029,0
399,1
1269,1
10997,0
4262,1
10793,1
4407,1
530,1
6679,1
9408,0
2607,1
4652,0
4424,1
5051,0
1958,1
9277,0
9559,0
7982,0
2731,1
3730,1
3291,1
2526,1
6140,0
10563,0
9755,1
4587,0
6989,1
8757,0
2463,1
2482,1
1303,1
2427,1
7778,1
4886,0
7423,0
8941,0
1272,1
3874,1
8039,1
6525,1
7943,0
5138,1
533,1
3179,0
8577,1
10705,0
6135,1
6264,1
6293,1
1377,1
7349,1
10898,0
8995,1
1939,1
8268,0
8485,1
2716,1
6659,1
5965,0
7426,0
3833,1
3580,1
6373,1
8794,0
1638,1
675,1
8552,0
2330,1
8854,1
6855,1
6820,1
4857,0
8220,1
5545,1
6255,0
6713,0
8318,0
4174,1
5374,1
6882,1
4511,0
4247,1
4377,1
7491,0
2401,1
6193,0
6593,0
2353,1
4479,1
10517,0
541,1
3484,0
8151,0
1251,1
7497,0
641,1
10680,0
342,1
9945,1
3662,0
2402,1
8901,1
4057,1
9473,0
1353,1
10078,0
642,1
10306,1
711,1
2477,1
7727,0
3818,0
4988,0
9842,0
2676,1
10271,1
2671,1
659,1
9376,0
7550,0
1422,1
893,1
7745,1
9611,0
7241,1
7822,0
7574,1
231,1
10906,1
1908,1
7631,0
9030,0
9924,0
9655,1
10246,1
10520,0
2685,1
795,1
6422,1
6696,0
7119,0
6561,0
9321,1
1593,1
2666,1
7330,0
722,1
5857,0
2954,1
1065,1
10217,1
2315,1
9053,1
6867,0
4513,1
9541,0
7400,1
988,1
8064,0
1906,1
9243,0
7201,0
8648,1
8459,1
5157,0
6428,1
8380,1
3351,0
253,1
5524,0
9721,1
7338,0
4035,0
1291,1
7028,1
10321,1
6852,0
8397,0
5462,1
165,1
10190,0
10762,1
10641,1
2213,1
5458,1
1318,1
3951,0
10155,0
7861,0
841,1
875,1
1922,1
6753,1
1123,1
5655,0
407,1
3668,1
4124,0
5621,0
2218,1
6880,1
6156,0
9593,0
9206,1
133,1
4261,0
7916,0
4122,0
4017,1
2674,1
8123,1
7177,1
7250,0
6043,0
8299,0
7833,1
9332,0
2045,1
884,1
10542,1
10952,0
4959,0
3657,1
2128,1
4383,0
6001,0
860,1
6853,1
4229,0
3130,1
4131,0
7498,0
474,1
2760,1
7817,1
5337,1
5689,0
2945,1
1009,1
1219,1
298,1
4341,1
3932,0
10907,1
5956,0
7762,0
2483,1
172,1
1296,1
9603,1
4588,1
9212,0
1052,1
7103,0
4238,0
3103,1
376,1
8006,0
3948,0
5929,0
2669,1
4027,1
1238,1
347,1
2552,1
10099,0
9991,1
8653,0
1075,1
7711,1
1569,1
305,1
4976,0
3784,0
7324,0
97,1
6166,1
1804,1
3577,1
3032,1
5866,1
1494,1
1552,1
3419,1
8937,0
6734,0
9255,1
6763,0
10902,0
7225,0
10807,1
9010,1
2197,1
196,1
5624,0
2486,1
1530,1
5628,0
7269,0
6745,0
40,1
4924,1
4955,0
3553,0
3365,1
6766,1
922,1
855,1
9306,0
3042,1
8223,0
5542,0
9927,1
1787,1
6203,1
5772,0
10501,1
9857,0
6776,0
6668,1
9827,0
900,1
4562,1
3293,0
3756,0
2405,1
10237,0
1164,1
5913,0
3529,0
2851,1
7611,0
8240,0
9557,0
982,1
7561,1
4309,1
2065,1
10954,1
6743,0
4762,1
3597,0
10944,1
372,1
9271,0
137,1
4756,0
10017,0
9426,1
10399,1
6975,1
2832,1
2201,1
5165,0
8305,0
4199,1
2727,1
67,1
7247,0
7903,0
2819,1
7513,1
7760,1
4630,0
10151,0
7975,0
6809,0
6733,1
8608,0
8815,1
4753,0
2115,1
3151,0
4077,0
4146,0
8337,1
2935,1
3184,0
3740,1
7234,0
1686,1
6470,0
5782,0
9772,1
7272,0
8867,0
3601,0
10265,0
88,1
8956,1
3963,0
6487,0
8598,0
1966,1
9256,1
947,1
9135,1
8063,0
8599,0
6802,0
1864,1
4488,0
10893,0
1288,1
6545,1
27,1
3197,0
2219,1
4143,1
9354,0
405,1
8114,0
10724,1
3456,0
2634,1
7754,0
6394,1
5858,1
456,1
7479,1
5969,0
9893,0
835,1
4033,0
8903,1
8238,0
9930,0
6214,1
2295,1
7021,1
8213,0
728,1
7925,0
10998,0
5962,1
6785,0
2024,1
9873,0
1161,1
6016,1
7923,0
4433,1
6881,0
4396,1
3640,0
2555,1
3859,0
1452,1
3777,0
3344,0
8902,1
9715,1
3352,0
10794,0
5357,1
1969,1
4200,1
10348,1
8988,0
2254,1
7730,1
8967,1
7411,1
2900,1
3393,1
4403,0
9643,0
291,1
307,1
7987,1
8540,0
10372,0
1135,1
8429,0
7939,0
4878,1
3071,1
4971,0
5156,1
1194,1
4709,0
9726,0
9770,0
2769,1
2668,1
9666,1
7214,0
4164,0
9023,0
10028,0
10072,0
9996,0
5311,1
10487,0
8071,0
3111,1
9019,0
7737,1
6628,0
1576,1
1540,1
5712,0
10026,0
1464,1
7528,0
3381,1
6494,1
2223,1
6049,0
9626,0
5004,1
6810,0
5193,1
8576,0
75,1
10946,1
3011,1
128,1
8619,1
7287,1
101,1
8583,1
4789,0
2290,1
158,1
6119,1
5882,1
8666,0
5765,1
1043,1
3710,0
9971,1
9074,1
6076,0
274,1
761,1
10734,0
10717,0
3633,0
10263,1
5979,1
3635,0
10181,0
7773,0
1252,1
1763,1
1828,1
10859,0
56,1
11,1
9013,0
3442,0
2336,1
6195,0
10316,1
3722,1
2234,1
8874,0
1945,1
8103,0
9607,0
3446,0
3636,1
3310,0
3718,0
368,1
3883,1
5367,0
1059,1
9336,0
6816,0
6928,0
6765,1
3820,0
2484,1
9076,1
5525,1
3141,0
2307,1
4821,1
1522,1
10128,1
8898,0
9102,0
9619,0
10990,0
501,1
1047,1
6059,0
5324,1
8970,0
3423,0
3222,1
7433,1
7709,1
5085,1
349,1
2577,1
10534,0
6489,0
7313,0
5984,1
685,1
3789,0
10890,0
3830,0
3719,1
2554,1
3624,0
10512,1
8058,1
8409,1
5077,0
4893,0
462,1
6238,0
131,1
7368,0
1769,1
9642,1
2495,1
4125,1
3641,1
6169,1
4153,0
6863,0
4102,0
9239,1
366,1
9384,0
14,1
9653,0
4397,1
8208,0
8219,0
9649,0
1332,1
3799,1
8879,0
756,1
8584,1
8057,0
4594,1
7621,0
972,1
8122,1
719,1
8936,0
4258,0
6201,0
7032,0
4804,1
7636,0
2267,1
1617,1
6783,1
1299,1
4770,0
10165,0
6125,1
9170,1
3557,0
10183,0
3089,1
6442,1
4211,0
5514,0
8633,0
3124,1
3098,1
689,1
5012,0
1319,1
5555,1
10503,0
2979,1
7367,1
7019,1
8489,0
1108,1
8146,1
2415,1
663,1
2641,1
531,1
188,1
1112,1
7694,0
3938,1
3918,0
1253,1
5627,1
6475,0
5722,0
317,1
6919,1
1124,1
7966,0
2761,1
3363,1
2794,1
5812,1
10421,0
3503,0
6504,0
4981,0
5619,0
10326,0
908,1
4147,0
5381,1
969,1
7716,1
8755,1
7707,1
3743,1
2220,1
8275,1
7837,1
1468,1
7738,0
5811,1
850,1
9273,0
3259,1
7352,1
4661,1
252,1
3734,0
2308,1
6484,0
493,1
1016,1
2625,1
7921,0
354,1
10296,1
8264,1
367,1
5900,0
7755,1
4801,1
4954,1
1155,1
2089,1
6516,0
4166,0
10291,0
243,1
4608,1
6845,1
6993,0
6520,1
7532,0
7376,0
8464,1
5184,1
7530,1
8326,1
6724,0
3452,1
5894,1
9327,0
10434,1
1715,1
141,1
6441,0
9763,0
2093,1
2659,1
2003,1
5438,0
6917,0
10645,1
2894,1
10741,1
5840,1
3143,1
9056,1
4246,0
3035,1
6529,0
1776,1
2621,1
5181,0
9070,1
7486,0
2204,1
4074,0
5280,1
7304,0
639,1
5457,1
9753,1
3095,1
535,1
10446,1
1837,1
4237,1
7702,0
8521,1
4050,1
5593,0
9747,0
1028,1
6787,1
720,1
1583,1
3014,1
8415,1
8088,0
557,1
9095,0
8886,0
5921,0
563,1
4910,1
5691,0
9714,0
249,1
1637,1
8839,0
10476,1
9869,1
9080,0
702,1
9494,1
6165,0
5954,1
7933,0
8405,1
129,1
2564,1
6472,1
275,1
778,1
7185,1
6848,1
2327,1
9235,0
4749,0
4958,1
7696,1
10195,1
1036,1
1979,1
6478,1
53,1
10651,1
6333,1
3711,0
8717,1
3004,1
65,1
7148,0
618,1
1496,1
1240,1
7633,1
10619,1
7393,1
7230,0
1506,1
10461,1
10972,0
5666,1
1656,1
8746,1
9405,0
393,1
1391,1
3689,0
2600,1
7888,0
5171,1
3602,0
2143,1
5287,0
6408,1
10215,0
10231,1
8149,0
5531,0
886,1
5134,1
877,1
7614,1
5851,1
1394,1
9853,0
10879,0
8274,1
1166,1
786,1
9881,0
6372,1
3390,1
4252,1
2389,1
8849,0
3607,1
4084,0
3431,1
7894,1
8270,1
4972,1
9171,1
471,1
5109,1
4900,1
2645,1
1037,1
8858,1
3655,1
5932,0
4251,1
10682,0
475,1
3770,0
1491,1
3187,0
10864,1
7131,1
2474,1
3634,1
2153,1
5341,0
473,1
4051,1
1698,1
7519,0
8366,1
1433,1
7036,0
2702,1
6885,1
8316,1
3331,0
8770,0
5470,1
5862,0
3277,1
8242,0
4980,0
9107,0
5212,0
1266,1
4340,0
10704,1
1325,1
8417,0
4364,0
1616,1
3792,1
1074,1
9679,1
9718,1
802,1
2054,1
3078,1
7307,1
8643,0
8568,0
3914,0
4091,1
9486,1
2447,1
4636,0
1748,1
5215,0
6771,0
444,1
7993,0
4648,1
5623,0
4644,0
811,1
8658,1
10401,1
10763,0
593,1
3606,0
6286,0
328,1
9550,0
218,1
7157,1
6909,0
6605,0
6077,0
4659,0
7205,1
4188,0
1157,1
8904,0
5427,0
2398,1
2893,1
6893,0
1604,1
6209,1
4294,1
3866,0
623,1
8134,0
956,1
5475,0
10338,0
1085,1
5930,0
4615,1
6877,0
3153,0
7195,1
5056,1
1039,1
10526,0
10820,1
5022,0
5382,0
7186,1
9355,1
7094,1
4022,1
1423,1
3268,1
1313,1
6112,1
2846,1
1663,1
3091,1
8667,0
5439,1
1290,1
5343,0
10782,1
3626,1
3104,1
4678,0
2840,1
3581,0
5934,0
410,1
6072,0
4723,0
1633,1
5661,0
7265,1
2490,1
10104,0
7808,0
8758,0
9441,0
2312,1
7224,0
1688,1
7453,1
6806,0
4013,0
1577,1
2420,1
6546,0
12,1
8000,1
8896,0
2803,1
8407,1
8470,1
3101,1
5855,0
3024,1
3709,0
3622,0
10031,1
10539,1
8049,1
449,1
2838,1
5643,1
9363,0
4896,0
2608,1
3888,0
5074,1
8089,0
4065,1
2203,1
2909,1
10135,1
1762,1
2487,1
7065,0
346,1
6074,1
7377,1
8014,0
265,1
6033,0
10899,1
4014,0
4439,1
8363,0
10875,1
1368,1
8164,1
9565,0
6847,1
1571,1
8007,1
2466,1
7914,0
7366,0
3338,0
1261,1
6121,0
9448,1
2628,1
9278,0
1156,1
2102,1
1652,1
3946,0
250,1
2240,1
112,1
5936,1
10711,0
6458,0
2437,1
7507,1
10829,1
147,1
2502,1
96,1
10110,1
9419,1
7178,0
10314,1
6411,1
2151,1
4197,0
1322,1
5638,1
7766,0
9005,0
2269,1
3106,1
806,1
5867,1
735,1
4663,1
4877,0
3166,0
2278,1
7913,0
2133,1
8490,1
3364,0
2796,1
1930,1
2043,1
9285,1
8929,1
7074,0
322,1
8899,1
8312,0
8138,1
599,1
3057,1
7084,0
10759,1
3396,0
7016,1
284,1
6731,0
1889,1
4132,1
1743,1
6770,1
10039,1
1696,1
1883,1
8747,0
790,1
7663,1
6024,0
2857,1
5505,0
5459,0
2050,1
2002,1
5864,1
3515,1
7879,0
10379,1
6,1
9701,0
9425,1
6667,1
10003,1
3043,1
10140,0
9470,1
697,1
4848,0
4348,0
9687,0
2581,1
470,1
411,1
9205,0
10334,0
7963,0
6692,0
6908,1
4641,0
10384,1
8235,0
5175,0
4712,0
6465,1
5141,0
10753,0
7076,1
9906,1
6007,1
3699,0
5735,0
8276,0
8730,0
1528,1
3359,1
573,1
594,1
7753,1
4319,0
5681,0
8206,1
5810,0
1556,1
7594,0
117,1
7171,0
2703,1
9129,0
6325,0
596,1
10043,1
1222,1
7124,1
4326,1
10652,0
1655,1
9234,0
10530,0
4158,0
4890,1
944,1
6347,0
1753,1
9916,0
3939,0
4285,0
9166,0
5508,0
7657,1
6616,0
7227,0
9193,1
2030,1
3825,0
2880,1
4918,1
9258,1
692,1
1289,1
159,1
1454,1
9612,0
2332,1
6136,1
155,1
8807,0
5559,0
3356,1
7670,0
1999,1
4351,0
2652,1
4114,1
7638,0
2359,1
4241,1
9345,1
3264,1
1359,1
1994,1
4914,1
10054,0
8999,0
8659,0
857,1
4463,1
8663,1
10642,0
3759,1
7397,0
9319,0
3855,1
1916,1
3296,1
1127,1
2675,1
8676,0
6518,1
10142,1
1424,1
8056,1
2346,1
10383,0
927,1
3695,0
7764,1
10982,0
8165,1
7436,1
7363,0
1437,1
10454,0
10249,1
8946,0
5262,0
2964,1
397,1
2052,1
9049,0
9554,0
8888,0
219,1
5781,1
5257,1
7699,1
10032,0
2253,1
10044,0
1475,1
10569,0
5174,0
1371,1
9537,0
10656,1
5519,0
2906,1
2728,1
6918,1
8865,0
9301,0
5608,1
6736,1
9864,0
277,1
6419,0
939,1
5483,1
8820,1
8113,0
8269,0
10985,1
8739,0
5290,0
8447,0
8015,1
4007,0
6282,1
6040,0
4092,0
10738,0
5497,0
10892,0
8592,1
10058,1
6793,0
1949,1
10638,0
8430,0
7902,1
9854,0
9839,1
5724,0
9492,0
2087,1
4386,1
4947,1
2920,1
695,1
5183,1
1888,1
9302,1
8252,0
3147,0
2971,1
903,1
269,1
3794,0
1054,1
1602,1
9520,0
7514,0
9274,0
4222,1
4410,0
5639,0
3273,1
10402,1
519,1
10069,0
7610,0
4798,0
10490,0
2525,1
8047,0
1287,1
6507,0
2252,1
6215,0
4604,1
2681,1
10978,0
6010,1
6536,1
8969,0
2789,1
2684,1
2635,1
671,1
10631,0
4101,1
8836,0
5880,0
7296,1
6721,0
7220,1
5532,1
6459,1
9980,1
6350,0
5286,0
2217,1
7628,1
1032,1
2479,1
3900,0
2329,1
8313,0
478,1
9808,1
6500,0
9713,0
840,1
6842,1
7522,1
6690,0
2699,1
2320,1
10920,1
2545,1
3856,0
4301,1
8639,1
907,1
10009,1
9018,0
113,1
4201,0
9992,0
1470,1
3724,1
2949,1
3522,0
5906,0
2575,1
798,1
7826,0
10184,0
5113,1
4306,0
10961,0
7075,0
10599,0
7082,0
3592,0
5481,1
1561,1
7298,0
9513,0
2408,1
1809,1
4109,0
4083,0
2337,1
6840,0
10934,0
8823,0
5895,1
3324,1
4206,0
1719,1
7153,1
9820,0
9113,1
9491,0
9451,0
2206,1
7488,1
10508,0
1803,1
3118,1
4162,0
3065,1
10786,0
4922,0
1401,1
3029,1
1467,1
8167,1
4544,1
5898,0
6999,0
10320,1
7277,1
10107,0
3845,0
8991,1
10057,1
2756,1
9987,1
5592,1
9167,0
3854,1
796,1
2292,1
7998,1
538,1
9733,1
4062,0
5791,1
1257,1
9990,0
9230,0
6276,1
7169,1
8819,1
9764,0
6117,0
6297,0
72,1
2097,1
1403,1
10773,1
3417,0
5499,1
10021,0
5915,0
437,1
1707,1
5539,1
9383,0
6036,0
1824,1
2640,1
9910,0
10001,0
3906,1
6606,0
6869,1
6320,0
1612,1
9779,0
1490,1
452,1
4915,0
1674,1
2498,1
1816,1
3965,0
187,1
8237,0
1761,1
2412,1
230,1
836,1
3524,0
1747,1
5560,1
3728,0
1814,1
6617,0
8679,1
7166,1
2847,1
10832,0
5907,0
10413,1
8883,1
3345,0
10827,0
9236,0
6250,0
9604,1
9700,0
10532,0
10259,1
7565,0
1771,1
4870,0
9468,0
8467,1
3005,1
10528,1
3578,0
8394,1
5237,0
10420,0
10457,1
7947,1
9805,0
9716,1
7800,1
1434,1
8761,0
8939,0
5786,1
9637,1
9944,0
9966,0
9200,1
8302,0
263,1
9601,0
6970,1
296,1
4041,0
5440,0
2246,1
9493,0
1929,1
9792,0
6148,1
6131,0
10909,1
9356,0
6343,0
8193,0
3439,1
3952,0
1717,1
4869,0
3817,0
4415,0
7161,1
7962,0
1421,1
1672,1
9015,1
672,1
1523,1
5318,0
1056,1
4100,0
6267,1
4215,0
4967,0
10516,1
2530,1
1531,1
9071,0
8765,0
6764,1
881,1
3321,1
1487,1
2410,1
3890,1
2742,1
2956,1
5163,0
3882,0
4837,1
7668,0
8364,0
8334,1
8107,0
10630,0
9328,0
5224,0
476,1
10177,0
10555,0
9699,1
5767,1
3488,1
5870,0
3863,0
10776,0
246,1
4193,0
9790,0
8695,1
1096,1
7733,0
4576,1
4011,0
3518,1
682,1
8719,1
4680,0
1360,1
1474,1
2451,1
6706,0
8887,0
8472,1
204,1
808,1
2630,1
377,1
6418,0
276,1
4805,0
7111,0
6093,0
10594,0
5243,0
8532,0
7672,0
5394,0
9943,1
9389,1
4387,1
5251,0
8411,1
823,1
85,1
10602,1
1102,1
2907,1
1555,1
3478,0
3945,0
8395,1
8516,0
4012,1
6341,1
3645,0
3203,1
7855,1
4421,1
8127,0
3409,0
6571,1
10797,0
10840,1
497,1
5095,0
6221,1
3982,0
5096,1
6453,1
8840,1
3604,0
4085,1
7768,1
6279,1
4974,0
5841,0
375,1
5006,0
10841,0
210,1
9846,0
6300,0
5021,0
1330,1
1693,1
8574,1
9802,1
9571,0
233,1
5629,0
6902,0
9031,1
8168,0
4800,0
650,1
10632,0
10011,1
1279,1
3807,1
8152,1
3287,0
4540,0
5957,1
2532,1
486,1
5236,1
10620,0
818,1
4820,1
6094,0
10843,1
7977,0
8197,0
7630,0
1190,1
543,1
591,1
3632,0
1913,1
8180,1
2331,1
3209,0
4727,1
3414,0
8735,0
5584,1
2224,1
1221,1
1694,1
4706,1
3280,0
7645,1
9464,0
2615,1
4245,1
8106,0
6517,1
10884,1
2730,1
506,1
4302,0
5821,0
10755,0
457,1
2385,1
1067,1
3819,0
1880,1
9874,0
3776,1
8406,0
9696,1
134,1
8654,1
1899,1
4177,1
7999,1
10125,0
9949,0
5101,1
3204,0
740,1
10764,1
1410,1
4542,0
7435,0
3566,1
1476,1
6888,1
7511,0
6619,1
3030,1
4292,1
7515,0
7969,0
3696,1
6174,1
5769,1
4999,1
5529,0
9231,0
4938,0
464,1
288,1
10332,0
3835,1
4970,0
8162,0
9104,0
6779,1
2105,1
3013,1
8853,0
8117,0
10699,1
8798,0
8128,1
10067,0
7088,1
820,1
8434,0
7731,0
390,1
2471,1
2892,1
2523,1
9110,1
3509,1
7725,1
8062,0
3347,0
7443,0
1649,1
8674,1
2868,1
635,1
7691,0
10298,0
2556,1
7717,1
3908,1
9985,1
4443,0
3010,1
2309,1
8894,0
9119,1
3258,0
5089,0
1789,1
7553,0
4711,1
8187,1
3216,0
3929,1
2647,1
2432,1
9251,1
2855,1
2807,1
8700,0
7920,1
5025,0
8295,0
776,1
8455,0
4346,0
9646,0
3026,1
10035,1
7595,1
772,1
9629,1
3749,1
930,1
1931,1
9203,0
7873,0
6062,0
4767,1
10750,1
5670,0
4665,1
549,1
5007,0
2501,1
4350,0
9777,1
10614,1
9941,0
7927,0
4935,1
8670,1
9901,1
3617,0
10279,0
8669,1
847,1
1243,1
5706,0
6565,0
5432,0
4917,1
3766,1
576,1
726,1
4427,0
4305,0
10405,0
2833,1
5180,0
4212,0
9062,1
2378,1
10647,0
200,1
9745,0
4658,1
5242,0
9730,0
918,1
9387,0
4897,0
5964,1
2944,1
2123,1
8996,0
10381,0
6328,0
1225,1
1898,1
5500,0
6365,0
5807,1
8529,0
10814,1
7584,0
1110,1
8525,0
10319,0
598,1
310,1
1595,1
632,1
7081,0
4477,0
4202,1
2191,1
4224,0
5865,0
3551,1
10502,0
119,1
3828,1
10587,1
3173,0
4522,1
5464,0
5959,0
479,1
1574,1
5040,1
5397,0
4342,0
6501,0
8080,0
1580,1
5890,0
4975,0
1905,1
7649,0
9749,0
5362,1
1666,1
4640,0
9522,0
10896,1
7034,1
8254,0
8637,1
9553,0
9377,0
7551,1
801,1
948,1
8844,0
2092,1
898,1
8052,0
1246,1
1080,1
9361,1
8729,0
9545,0
3427,1
8163,0
9741,0
5063,0
8265,0
106,1
1486,1
235,1
9421,1
1029,1
2419,1
1811,1
160,1
363,1
9750,0
9213,0
3481,0
9295,0
10970,0
6463,0
6680,1
1181,1
6224,0
9538,0
8365,1
5699,0
10523,1
7671,0
1087,1
2326,1
6066,0
5107,1
8239,1
3780,1
9467,0
2571,1
5764,0
3767,0
1304,1
9322,1
8681,1
10694,1
7828,0
9859,1
1034,1
8749,1
4860,1
1995,1
4225,1
8998,1
10706,0
4609,0
4538,1
10550,0
8780,1
7252,1
4776,0
7508,0
9221,1
2921,1
6298,0
1549,1
495,1
1620,1
2478,1
10325,1
10064,0
1514,1
10433,1
10283,1
4783,1
2051,1
3384,0
2917,1
5717,1
3047,1
7758,0
5503,1
5698,1
9748,1
379,1
8348,1
2711,1
2139,1
2578,1
9610,1
7858,0
9220,1
2299,1
5794,0
5828,1
10182,1
6128,0
7658,0
6468,0
910,1
5333,0
9929,0
8094,0
5554,1
6443,1
3584,0
8227,1
7289,1
4834,0
9739,0
8557,0
6590,1
1862,1
6995,0
3318,0
5136,0
7864,1
2586,1
8510,0
8955,0
8558,0
5291,1
3080,1
5213,0
4358,1
9981,1
6953,0
3159,1
5379,1
10280,1
10609,0
7596,0
3637,1
2896,1
6957,1
222,1
9161,1
1605,1
2874,1
2099,1
3289,1
2514,1
10023,1
5534,1
5987,1
7156,1
10752,0
10735,0
4095,1
1154,1
1847,1
6965,1
2339,1
4296,1
7374,1
1805,1
5763,1
5124,1
1180,1
4040,0
6115,1
3192,0
10051,0
1312,1
9020,0
2229,1
9187,0
3505,0
1876,1
6564,0
8492,1
833,1
3473,0
2506,1
31,1
6538,1
7585,0
7863,0
1355,1
5777,1
7666,1
1855,1
7104,1
3920,1
5662,0
5003,0
6961,0
10815,0
10803,0
7974,1
430,1
7369,1
8077,1
2984,1
7239,0
17,1
5469,0
3599,1
3541,0
4939,1
6645,0
4489,0
5142,0
6674,1
2281,1
8498,0
2041,1
6603,0
4690,0
353,1
205,1
7801,0
4328,1
2799,1
2540,1
9734,1
4008,1
9939,0
1045,1
7829,1
8923,1
6050,1
4234,1
9072,0
7413,0
2363,1
10170,0
9215,0
2550,1
7137,1
8626,1
2129,1
793,1
9865,1
98,1
4375,1
6864,0
9375,0
5617,0
6528,0
1928,1
1339,1
896,1
3144,0
5819,1
8952,0
176,1
10221,0
4217,0
9233,0
7310,0
9364,1
986,1
6980,1
879,1
8361,1
4758,1
10274,1
4140,1
2781,1
4553,0
92,1
10586,0
10968,0
4688,1
6205,1
5238,0
10608,0
1902,1
5883,1
7545,1
62,1
1320,1
8928,0
122,1
1381,1
2345,1
817,1
6023,0
485,1
2362,1
3263,0
9017,1
8173,0
7315,0
3148,0
8795,0
8548,1
2183,1
8693,1
10149,1
7919,1
6872,1
7142,0
2521,1
4068,0
8829,1
958,1
438,1
8177,1
6699,0
2865,1
162,1
7908,0
4567,0
3652,1
1115,1
508,1
6594,0
7922,0
2698,1
3201,0
7116,1
7371,0
10071,1
10626,0
151,1
10888,1
8233,0
5941,0
1120,1
5852,0
3482,0
8145,0
3800,1
3639,0
5538,1
7535,1
7936,1
7543,1
10984,1
5549,0
8711,0
3996,1
849,1
1921,1
9723,1
6275,0
4501,1
4458,0
5485,0
6824,0
6084,0
2729,1
8641,1
6671,1
7845,1
10144,1
815,1
8680,0
4156,0
3977,1
7071,0
10866,0
8205,1
6211,0
9033,1
7140,0
7563,1
8294,0
3508,0
2430,1
3086,1
2905,1
6435,0
5365,1
39,1
9242,1
10691,0
2624,1
6639,0
7832,1
5839,1
5404,1
8425,0
5825,1
9272,0
9825,1
1040,1
2965,1
5742,1
398,1
4996,1
4836,0
10648,1
9972,0
3994,1
10509,1
9240,1
10131,0
3314,1
5798,1
8862,0
7779,1
5444,0
4957,0
3334,1
156,1
312,1
6625,0
8961,1
10737,0
1334,1
2289,1
6349,0
10167,0
1447,1
3240,1
9788,0
9207,0
10096,0
4978,0
5509,1
7428,1
10913,1
3282,0
2576,1
8803,1
7120,0
3495,1
8796,1
9092,0
10805,1
2970,1
4218,1
1408,1
8207,1
6389,1
7381,0
8564,0
6543,1
10439,1
5589,1
1264,1
7429,0
1335,1
7154,0
8284,0
10116,0
7541,1
3254,0
696,1
4752,0
6439,1
3527,0
5804,1
7222,0
5943,0
6850,0
1614,1
4464,0
933,1
9480,1
9208,0
7650,1
8215,0
4345,0
10466,0
2958,1
8347,1
10156,0
1317,1
10305,0
8805,0
4786,0
8212,0
8522,0
3755,1
1366,1
4810,1
2145,1
3768,1
6005,1
7010,1
3590,1
10027,1
6241,0
9871,0
4943,0
9048,0
10485,0
4531,0
2068,1
10615,1
3949,0
2439,1
4824,0
2875,1
2367,1
4398,0
3911,0
4591,0
8827,1
620,1
5091,1
2938,1
2513,1
2066,1
7041,0
10666,0
6884,0
2859,1
2228,1
3498,1
6052,1
9109,0
2650,1
1027,1
9937,0
9253,0
7329,1
4060,0
5981,0
10653,0
3905,0
3868,1
5564,1
8535,1
6592,1
731,1
8021,0
7961,0
2279,1
5516,0
5641,0
1095,1
10139,1
3834,1
8497,0
7087,1
816,1
2694,1
10657,0
7396,1
3217,1
2854,1
9690,1
2951,1
7868,0
340,1
5686,0
3554,0
9136,1
5211,0
10303,1
3913,1
8196,1
5654,1
8597,0
6229,0
2982,1
10582,0
9237,0
1198,1
4169,0
3715,1
2524,1
3919,1
3052,1
7223,0
8323,0
7370,0
1539,1
7952,0
3841,1
1327,1
8908,1
3881,0
7494,0
10693,0
9581,0
5463,1
683,1
4257,1
2538,1
7244,0
9094,1
3231,1
589,1
7846,1
6823,1
9742,1
4563,1
4205,1
3665,1
4621,1
10085,0
8596,0
5350,1
1736,1
9918,0
6485,1
3612,1
1278,1
5845,0
125,1
2069,1
6800,0
5649,1
2225,1
271,1
2122,1
8351,1
4635,0
323,1
2563,1
7113,0
207,1
3228,0
7805,0
7783,0
5603,1
6849,0
6175,1
5172,1
5133,0
952,1
8277,0
5789,1
3921,0
6714,1
4695,0
8261,1
3497,1
4214,1
10117,1
9807,0
9508,0
10063,1
5454,0
10336,0
283,1
3285,1
6897,1
3426,1
3392,1
6836,0
7616,1
2422,1
7604,1
1323,1
10628,0
6425,0
6462,0
550,1
1504,1
9708,1
5843,1
1443,1
2631,1
6722,0
5011,1
58,1
8519,0
9381,1
5285,0
5702,0
1097,1
66,1
1799,1
4932,1
8304,0
10002,0
3752,0
2164,1
9919,1
6041,1
9878,0
8469,0
5548,0
5218,0
7472,1
8620,0
6290,1
8315,1
2883,1
4575,0
7172,1
6813,0
2388,1
6403,0
8296,0
214,1
7836,0
626,1
4698,0
8091,0
1676,1
327,1
5203,1
2862,1
5972,0
1393,1
2137,1
482,1
9182,0
9446,1
779,1
4833,0
5253,0
2000,1
2879,1
8531,0
8139,1
8098,1
4529,0
1827,1
9466,0
5159,0
7314,0
5684,0
10301,1
775,1
3081,1
3960,1
10366,0
1482,1
1572,1
10082,0
4585,0
3097,1
4606,0
2974,1
9695,1
3139,0
6523,0
4989,0
10942,1
489,1
5597,0
4075,1
4850,0
2863,1
3286,0
3903,0
7956,1
8322,0
9098,0
1951,1
4569,0
9669,0
5408,1
1622,1
84,1
2239,1
3990,0
8443,1
7693,0
1306,1
8965,1
9472,0
32,1
774,1
1233,1
5566,0
9073,1
5486,1
9828,1
4584,1
1553,1
9217,0
3156,1
4020,1
505,1
859,1
9427,0
6022,0
8129,1
4779,1
10877,0
3496,0
9347,1
5974,1
8533,1
9064,1
7398,0
4314,1
10122,0
6173,0
6289,0
7060,0
5433,1
8388,1
1991,1
6159,0
1489,1
3669,1
1603,1
2611,1
3180,0
9499,0
6274,0
4743,1
5176,1
7884,1
3435,0
2468,1
10939,1
6744,0
9401,1
6907,1
5588,0
6189,1
708,1
10798,0
5231,1
6284,0
9540,0
5526,1
9592,1
3972,0
4535,1
3400,1
5472,0
1667,1
10428,0
6834,1
6164,0
7844,1
6633,0
8769,0
2939,1
2712,1
6207,1
2358,1
2125,1
10227,1
2904,1
7407,0
2805,1
7813,0
8701,1
2509,1
1185,1
8255,0
10178,0
4718,0
3290,0
10504,1
6299,0
4000,0
9392,0
7623,0
5258,0
2488,1
5042,0
5296,0
9890,0
2908,1
7418,1
8116,1
4926,0
4030,0
4457,1
6954,0
9189,0
6778,0
7489,1
3573,1
2095,1
9196,0
4300,0
534,1
10278,1
4888,1
1600,1
9694,0
7470,1
9270,1
7979,1
8462,1
911,1
8283,0
8494,1
10253,1
212,1
9595,0
8571,0
6643,0
6073,0
9638,1
3154,0
10214,0
5784,1
8694,0
4049,0
2146,1
6111,1
3579,1
10513,1
2910,1
7055,0
6985,1
8340,1
49,1
5097,1
3199,0
2196,1
8204,0
7478,1
25,1
2067,1
8025,1
6385,1
4721,0
174,1
1245,1
4990,0
